SAMPLE ID,ACCESSION NUMBER,TRANSECT NAME,STREAM ABBREVIATION,LATITUDE_DD,LONGITUDE_DD,COLLECTION DATE,SEASON,MAT TYPE,AFDM (mg/cm2),CHL-A (ug/cm2),TOTAL_ANNUAL_DISCHARGE (L),VALVES COUNTED PER SAMPLE,Unknown,Marine diatom fragments,record_no,region,Achnanthes,Psammothidium papilio,Psammothidium germainii,Achnanthes taylorensis,Amphora,Amphora cf. oligotraphenta,Craticula molestiformis,Humidophila,Humidophilia arcuata var. parallela,Humidophila australis,Humidophila arcuata,Microcostatus naumannii,Fistulifera,Fistulifera pelliculosa,Hantzschia,Hantzschia amphioxys,Hantzschia abundans,Hantzschia sp. #2,Hantzschia hyperaustralis,Hantzschia amphioxys f. muelleri,Luticola,Luticola bradyi,Luticola gaussii,Luticola laeta,Luticola murrayi,Luticola mutica,Luticola muticopsis,Luticola dolia,Luticola permuticopsis,Luticola mcknightiae,Luticola muticopsis fo. reducta,Luticola austroatlantica,Mayamaea,Mayamaea atomus var. #1,Mayamaea atomus,Mayamaea atomus fo. permitis,Muelleria,Muelleria meridionalis,Muelleria peraustralis,Muelleria supra,Navicula,Navicula seibigiana,Navicula gregaria,Navicula shackletoni,Navicula gregaria_1,Nitzschia,Nitzschia australocommutata,Nitzschia sp. #2,Nitzschia westiorum,Pinnularia,Pinnularia borealis,Chamaepinnularia cymatopleura,Chamaepinnularia quaternaria,Chamaepinnularia deltaica,Chamaepinnularia cymatopleura var. #3,Stauroneis latistauros,Stauronella,Craspedostauros laevissiumus,Melosira charcotii,Luticola sp. #2,Luticola spp.,Hantzschia spp.,Navicula lineola var. perlepida,Luticola sp. #3,Muelleria cryoconicola,Luticola australomutica,Achnanthidium minutissimum,Adlafia bryophila,Amphora veneta,Aulacoseira distans,Chamaepinnularia sp.#2,Frankophila maillardii,Frustulia vulgaris,Luticola muticopsis_1,Mayamaea fossalis var. fossalis,Melosira echinata,Muelleria luculenta,Nitzschia angustatula,Nitzschia fonticola,Nitzschia sp.#1,Pinnuavis genustriata,Pinnularia kolbei,Pinnularia pisciculus,Planothidium delicatulum,Planothidium quadripunctatum,Rhopalodia rupestris,Stauroneis smithii var. sagitta,Tabularia fasciculata,Chamaepinnularia aliena,Hantzschia elongata,Luticola elegans,Luticola transantarctica
03CAG1994B04,217,Canada Gauge,CAG,-77.61325,163.0526944,1/13/1994,1994,black,19.07488987,146.2414141,130137741,337.7,0,7.8,1,canada_huey,0,60.3,0,0,0,0.6,0.7,0,96.2,10.5,10.5,0,0,0,11,14.6,1.5,0,0,3.3,7.6,0,1.5,0.4,0,14,12.3,0.2,1.8,11.2,7.1,14.1,0,1,4.2,0,0.8,10,9.7,2,0,0,0,0,0,0,4,0,0.6,0.8,6.3,0,0,0,0,8.4,0,0,0,1,0,0,0,1.7,0,0,0,0,0,0,0,0,0,0,0,0,0,0,0,0,0,0,0,0,0,0,0,0,0,0,0,0
12VGG2012B03,925,Von Guerard Gauge,VGG,-77.609226,163.255299,1/19/2012,2012,black,23.21585903,52.85099036,40636683,325.7,0,0,2,delta_harnish_crescent_vg,0,0,0,0.6,0,1,1,0,2,0,0,0,0,26,2.2,21,28,0,0,22,4,0,0,1,0,12.5,134,1,7,3,0,38,0,0,8,4,0,1,0,0,0,0.5,0,0,0,0,4.2,0,0.2,0,0,0,0,0.5,0,3,0,0,0,0,0,0,0,0,0,0,0,0,0,0,0,0,0,0,0,0,0,0,0,0,0,0,0,0,0,0,0,0,0,0,0,0
12VGG2013B03,2394,Von Guerard Gauge,VGG,-77.609226,163.255299,1/14/2013,2013,black,49.38325991,44.731837,16980732,455.7,0,0,3,delta_harnish_crescent_vg,0,0,0,27.6,0,0,0,0,0,0,8,0,0,0,17,43.9,40.7,0,1.5,5.7,2,0,0,11.4,1,0,0,26.1,8.4,118.2,0,70.2,0,1,0,0,0,2,0,0,0,17.8,0,4,0,0,1.5,0,0,0,0,3.2,0,0,0,6.1,0,0,0,0,0,0,0,0,0,0,0,0,0,0,0,0,0,36.9,0,0,0,0,0,0,0,0,0,0,0,0,0,0,0,0,1.5,0
06VGM2012B02,913,Von Guerard Middle,VGM,-77.613889,163.259444,1/11/2012,2012,black,27.2246696,40.27760423,40636683,353.5,0,0,4,delta_harnish_crescent_vg,0,1,0,0,0,1,1,0,13,2,0,0,0,5,14,65.5,23,0,0.7,61.7,2.6,0,0,1,0,11,51.5,0,9.7,0,0,43.5,0,8.5,13,0,0,0,2,0,0,3.2,0,0,0,0,6.4,0,0,0,0,0,0.5,0,0,12.7,0,0,0,0,0,0,0,0,0,0,0,0,0,0,0,0,0,0,0,0,0,0,0,0,0,0,0,0,0,0,0,0,0,0,0,0
06VGM2012B01,912,Von Guerard Middle,VGM,-77.613889,163.259444,1/11/2012,2012,black,22.2907489,37.40102143,40636683,326.9,0,0,5,delta_harnish_crescent_vg,0,0,0,3.7,0,4,0,0,15,0,0,0,0,7,7,32,42.5,0,0,37.6,1.4,0,0,6,0,15,70,8,10.4,5,0,42.5,0,0,3,1,0.2,4,2,0,0,0,0,0,0,0,0.2,0,0.2,0,0,0,0.5,0,0,8.7,0,0,0,0,0,0,0,0,0,0,0,0,0,0,0,0,0,0,0,0,0,0,0,0,0,0,0,0,0,0,0,0,0,0,0,0
03CAG1994B01,244,Canada Gauge,CAG,-77.61325,163.0526944,1/13/1994,1994,black,14.44933921,36.97924229,130137741,345.4,0,0,6,canada_huey,0,55.7,0,0,0,2,1,0,89.6,11,10,0,0,0,5.1,5.6,14.8,0,0,11.1,0,0,6,0,0,31,8,0,0,0,0,46.7,0,3,6,0,0,13.5,1,0,0,0,0,0,0,0,1,0,0,0,14.6,0,0,2,0,6.7,0,0,0,0,0,0,0,0,0,0,0,0,0,0,0,0,0,0,0,0,0,0,0,0,0,0,0,0,0,0,0,0,0,0,0,0
03CAG2008B04,825,Canada Gauge,CAG,-77.6,163.05,12/11/2007,2008,black,16.51982379,35.53283132,237549708,361.3,0,0,7,canada_huey,0,69.5,0,0,0,1,5,0,89,24,16,0,0,0,0,12,11,0,0,16,0,0,6,1,0,7.5,14,0,1,3,5,25.5,0,1.5,1,0,0,5.5,5.8,0.5,0,0,0,0,0,0,2.8,0,0,0,31.5,0,0,0.7,0,5.5,0,0,0,0,0,0,0,0,0,0,0,0,0,0,0,0,0,0,0,0,0,0,0,0,0,0,0,0,0,0,0,0,0,0,0,0
12VGG2012O03,918,Von Guerard Gauge,VGG,-77.613889,163.259444,1/19/2012,2012,orange,15.99118943,31.1515958,40636683,349.5,0,0,8,delta_harnish_crescent_vg,0,0,0,1,0,0,0,0,0,0,0,0,0,2,4,7,34,0,0,18.4,3.4,0,0,10,0,18.5,159,4,24,0,0,47,0,0,0,0,0,0,0,0,0,0,0,0,0,0,3,0,0,0,0,0,0,0,0,14.2,0,0,0,0,0,0,0,0,0,0,0,0,0,0,0,0,0,0,0,0,0,0,0,0,0,0,0,0,0,0,0,0,0,0,0,0
09GRN1995B03,629,Green,GRN,-77.6,163.05,1/22/1995,1995,black,18.53295979,27.1629858,27232074,333.6,0,0,9,green_bowles,0,2,0,0,0,4,3,0,23,3,3,0,0,0,0,2.5,231.7,0,1,5.5,0,0,0,0,0,12,4,1,1.5,0,1,8,0,2,0,0,0,1,2.5,0,0,0,0,0,0,0,4.5,0,0.5,0,0,0,0.5,0,0,16.4,0,0,0,0,0,0,0,0,0,0,0,0,0,0,0,0,0,0,0,0,0,0,0,0,0,0,0,0,0,0,0,0,0,0,0,0
12VGG2010B01,1105,Von Guerard Gauge,VGG,-77.6092258,163.2552989,1/27/2010,2010,black,14.88986784,26.83481523,93741201,323.4,0,0,10,delta_harnish_crescent_vg,0,0,0,8.3,0,0,0,0,2,0,0,0,0,1,21,28,40,0,2,5,15.6,0,1,7.5,0,7.5,9,12,16.5,40.5,0,43,0,3.5,47,0,0.2,2,0,0,0,0,0,0,0,0,6.7,0,1,0,0,0,0,1,0,2.1,0,0,0,0,0,0,0,0,0,0,0,0,0,0,0,0,0,0,0,0,0,0,0,0,0,0,0,0,0,0,0,0,0,0,0,0
08DEG2013B02,2276,Delta Gauge,DEG,-77.6532222,163.0996944,1/12/2013,2013,black,33.30396476,26.82910573,24706683,308.6,0,0,11,delta_harnish_crescent_vg,0,0,0,0,0,0,0,0,4.5,7,3,0,0,0,0,32.2,9.4,0,0.7,2.8,0,0,4.7,40.2,0,0,70.3,0,26.6,0,4.7,50.5,0,0,0,9,0,0,0,0,0,0,0,2.2,0,0,14.7,0,0.5,0,0,0,0,0.2,0,13.5,0,0.7,0,0,0,0,0,9.5,0,0,0,0,0,0,0,0,0,0,0,0,0,0,0,0,0,0,0,0,0,0,0,0,0,0,0,1.7
12VGG2010B02,1098,Von Guerard Gauge,VGG,-77.6092258,163.2552989,1/27/2010,2010,black,24.27312775,26.57342954,93741201,338.3,0,0,12,delta_harnish_crescent_vg,0,0,0,2.7,0,0,0,0,7.5,0,1,0,0,1,12.6,44.5,36.7,0,2,10.2,1.6,0,1,12.5,0,23,55,4,38.4,24,0,44.5,0,1,2,0,0.4,1,0,0,0,1,0,0,0,0,7.1,0,0.2,0,0,0,0,0,0,3.4,0,0,0,0,0,0,0,0,0,0,0,0,0,0,0,0,0,0,0,0,0,0,0,0,0,0,0,0,0,0,0,0,0,0,0,0
08DEG2010B03,1147,Delta Gauge,DEG,-77.6531944,163.0995833,1/21/2010,2010,black,17.31277533,26.13778672,21715029,351.1,0,0,13,delta_harnish_crescent_vg,0,1,0,1.5,0,0,0,0,13,0,2,0,0,8,14,36,54.5,0,0,6,3.2,0,0,15.5,0,7.5,30,1,23.5,34,0,42.5,0,1,16,0,0,3,0,0,0,0,0,4,0,0,23.6,0,4.1,0,0,0,0,0.5,0,5.7,0,0,0,0,0,0,0,0,0,0,0,0,0,0,0,0,0,0,0,0,0,0,0,0,0,0,0,0,0,0,0,0,0,0,0,0
09GRN2008O14,879,Green Creek Gauge,GRN,-77.624167,NA,1/7/2008,2008,orange,16.03524229,25.88218704,175385277,303.2,0,1.8,14,green_bowles,0,82.5,3.7,0,0,2.2,5.7,0,87.4,10,11.5,0,0,2,1.4,2.9,2.5,0,0.2,7,1.2,0,4.9,0,0,1.7,8.2,0,0,5.7,2.7,16.4,0,2.5,6.5,6,0.2,3,3.8,0,0,0,0,1.2,0,0,0.2,0,0.8,0.6,0,0.2,1.2,0.5,0,14.5,0,0.2,0,0.2,0,0,0,0,0,0,0,0,0,0,0,0,0,0,0,0,0,0,0,0,0,0,0,0,0,0,0,0,0,0,0,0
12VGG2012B01,923,Von Guerard Gauge,VGG,-77.609226,163.255299,1/19/2012,2012,black,21.49779736,25.74574973,40636683,354.4,0,0,15,delta_harnish_crescent_vg,0,0,0,5.2,0,0,0,0,2,0,0,0,0,2,21,29,60,0,0,22.7,16,0,0,7,0,11,31,7,23,59.5,1.5,26,0,1,14,0,0.2,2,0,0,0,0.2,0,0,0,0,5,0,0,0,0,0,0,0,0,8.1,0,0,0,0,0,0,0,0,0,0,0,0,0,0,0,0,0,0,0,0,0,0,0,0,0,0,0,0,0,0,0,0,0,0,0,0
09GRN2008O13,878,Green Creek Gauge,GRN,-77.624167,NA,1/7/2008,2008,orange,10.17621145,25.70347141,175385277,307.8,0,4.5,16,green_bowles,0,47.5,2.5,0,0,0.5,2,0,68,10.5,5.5,0,0,3,2.8,11.6,2,0,0,9.8,3.8,0,1.6,1,0,3.2,25.3,0,1.5,8.4,1,28.4,0,1,6,0,0,6.7,7.9,0.4,0,0,0,1.2,0,0,1.9,0,2.6,0,0,0,0,0.5,0,35.2,0,0,0,0,0,0,0,0,0,0,0,0,0,0,0,0,0,0,0,0,0,0,0,0,0,0,0,0,0,0,0,0,0,0,0,0
06VGM2012O02,906,Von Guerard Middle,VGM,-77.613889,163.259444,1/11/2012,2012,orange,22.20264317,25.59446469,40636683,321.9,0,0,17,delta_harnish_crescent_vg,0,0,0,0,0,0,0,0,6,4,0,0,0,2,1.4,15.5,112,0,2,41,0.6,0,0,11,0,22,19,3,14,1,0,18,0,0,4,0,0.4,0,1,0,0,1.5,0,0,0,0,5.5,0,0,0,0,0,0,0,0,37,0,0,0,0,0,0,0,0,0,0,0,0,0,0,0,0,0,0,0,0,0,0,0,0,0,0,0,0,0,0,0,0,0,0,0,0
12VGG2012B02,924,Von Guerard Gauge,VGG,-77.609226,163.255299,1/19/2012,2012,black,25.72687225,24.68675446,40636683,349.3,0,0,18,delta_harnish_crescent_vg,0,0,0,1.6,0,1,1,0,5,0,1,0,0,27,9,42.5,34,0,0,31,4.6,0,0,4,0,17,57,0,9.5,7,0,43,0,0,31,2,0,1,1,0,0,1,0,0,0,0,5.3,0,0,0,1,0,0,0,0,11.8,0,0,0,0,0,0,0,0,0,0,0,0,0,0,0,0,0,0,0,0,0,0,0,0,0,0,0,0,0,0,0,0,0,0,0,0
03CAG2010B03,1166,Canada Gauge,CAG,-77.6136333,163.0522667,1/18/2010,2010,black,18.59030837,24.30808689,158136606,363.7,0,0,19,canada_huey,0,78,0,0.4,0,0,0.5,0,104.5,10,3,0,0,0,6.6,5.5,2.5,0,0,4.5,4.4,0,10,0,0,27,29,0,6,9,2,29.5,0,1,4,0,2,1,4,2.5,0,0,0,1,0,0,2.1,0,0.5,0,6.2,0,0,1.5,0,5.5,0,0,0,0,0,0,0,0,0,0,0,0,0,0,0,0,0,0,0,0,0,0,0,0,0,0,0,0,0,0,0,0,0,0,0,0
12VGG2010B03,1107,Von Guerard Gauge,VGG,-77.6092258,163.2552989,1/27/2010,2010,black,25.59471366,23.78531551,93741201,341.9,0,0,20,delta_harnish_crescent_vg,0,0,0,10.1,0,2,0,0,2,0,0,0,0,5,8,21.4,53.7,0,1,18,6.4,0,2,6,0,14,38,16,46.5,24,0,32,0,2,1,0,0,2,0,0,0,17.5,0,0,0,0,3,0,1.6,0,0,0,0,1,0,7.7,0,0,0,0,0,0,0,0,0,0,0,0,0,0,0,0,0,0,0,0,0,0,0,0,0,0,0,0,0,0,0,0,0,0,0,0
03CAG2010B04,1172,Canada Gauge,CAG,-77.6136333,163.0522667,1/18/2010,2010,black,22.73127753,23.52392982,158136606,332.9,0,0,21,canada_huey,0,44.5,0,5.2,0,2,1,0,86,4,0,1,0,0,5.6,6,16.5,0,0,5.5,1,0,17,6,0,13,13,0,1,11,3,38,0,0,1,0,1,5.5,10.7,11,0,0,0,1,0,0,2.2,0,0.6,0,7.1,0,2,2,0,8.5,0,0,0,0,0,0,0,0,0,0,0,0,0,0,0,0,0,0,0,0,0,0,0,0,0,0,0,0,0,0,0,0,0,0,0,0
21AIK2013O03,2226,Aiken,AIK,-77.600694,163.292417,1/18/2013,2013,orange,30.35242291,23.32528546,258722325,328.7,0,0,22,NA,0,1.7,0,0,0,4,14,4,10,12,5.7,0,0,0,7.8,44.5,38.8,0,2.2,0,13.4,0,2.7,2.5,0,4,3,0,5.5,0,0,19.2,1,3,31,1,1,0,0,0,0,43.7,0,2.2,0,0,6.3,0,2.6,0,0,10.4,0,0,0,31.5,0,0,0,0,0,0,0,0,0,0,0,0,0,0,0,0,0,0,0,0,0,0,0,0,0,0,0,0,0,0,0,0,0,0,0,0
08DEG2010B02,1145,Delta Gauge,DEG,-77.6531944,163.0995833,1/21/2010,2010,black,13.87665198,22.82690131,21715029,346.3,0,0,23,delta_harnish_crescent_vg,0,0,0,0,0,0,0,0,1,0,1,0,0,0,21,17,62.5,0,1,3.7,12,0,0,27.5,0,11.5,20,10,19,56,0,58,0,0,2,0,0,0,0,0,0,0,0,0,0,0,8.4,0,0,0,0,0,0,0,0,14.7,0,0,0,0,0,0,0,0,0,0,0,0,0,0,0,0,0,0,0,0,0,0,0,0,0,0,0,0,0,0,0,0,0,0,0,0
12VGG2010B04,1103,Von Guerard Gauge,VGG,-77.6092258,163.2552989,1/27/2010,2010,black,23.17180617,22.73977275,93741201,368.9,0,0,24,delta_harnish_crescent_vg,0,0,0,18.6,0,0,0,0,7,0,0,0,0,14,20,10,39.5,0,0,2.5,17,0,3,10,0,8.5,34.5,9,72,18,1.5,37.5,0,2,7,0,0.5,2,1,0,0,28.3,0,0,0,0,2,0,0,0,0,0,0,1,0,2.5,0,0,0,0,0,0,0,0,0,0,0,0,0,0,0,0,0,0,0,0,0,0,0,0,0,0,0,0,0,0,0,0,0,0,0,0
22CMN2012B04,954,Commonwealth,CMN,-77.563611,163.382556,1/23/2012,2012,black,23.92070485,22.5687639,265935996,326,0,0,25,NA,0,9,0,0,0,0,2,0,128.5,0,0,0,0,0,0.8,45,22,0,0.5,22,1,0,10,1,0,4,9,0,3,0,0,7,0,13,11.5,4,1.2,6,3,2,0,1,0,2,0,0,8,0,3.5,0,0,0,2,2,0,2,0,0,0,0,0,0,0,0,0,0,0,0,0,0,0,0,0,0,0,0,0,0,0,0,0,0,0,0,0,0,0,0,0,0,0,0
09GRN2010B01,1121,Green,GRN,-77.6239914,163.0583922,1/14/2010,2010,black,13.83259912,22.30412993,122636583,303.3,0,0,26,green_bowles,0,59,0,0,0,0,4.5,0,64.5,10.5,0,0,0,2,3.8,1,4,0,0,2.2,2,0,9,1,0,5,10.5,0,2,2,0,15,0,0,52,0,0.8,0,7,2,0,0,0,1,0,0,0.4,0,7.1,0,0,0,3.5,1,0,30.5,0,0,0,0,0,0,0,0,0,0,0,0,0,0,0,0,0,0,0,0,0,0,0,0,0,0,0,0,0,0,0,0,0,0,0,0
12VGG2012B04,926,Von Guerard Gauge,VGG,-77.609226,163.255299,1/19/2012,2012,black,15.85903084,20.95505681,40636683,354.5,0,0,27,delta_harnish_crescent_vg,0,0,0,2.7,0,0,1,0,13,0,0,0,0,6,9,24,30.5,0,0,25.6,7.4,0,0,4,0,21.5,91.5,2,18.5,4,0,53.5,0,3,15,3,0.2,0,1.2,0,0,2.5,0,0,0,0,2.9,0,0,0,0,0,0,0.5,0,12,0,0,0,0,0,0,0,0,0,0,0,0,0,0,0,0,0,0,0,0,0,0,0,0,0,0,0,0,0,0,0,0,0,0,0,0
12VGG2013B04,2402,Von Guerard Gauge,VGG,-77.609226,163.255299,1/14/2013,2013,black,18.28193833,20.87005374,16980732,358.6,0,0,28,delta_harnish_crescent_vg,0,0,0,1,0,0,0.5,0,0,0,0,0,0,0,1.4,46.4,60.9,0,0,0,0.2,0,0,20.5,0,4,0,0,16,27,0,96,0,1,1,0,0,1,2.2,0,0,1,0,0,0,0,0.5,0,0,0,0,0,0,0,0,9.5,0,0,0,0,0,0,0,0,0,0,0,0,0,0,0,0,0,47.5,0,0,0,0,0,0,0,0,0,0,0,0,0,0,0,21,0,0
12VGG2012O04,919,Von Guerard Gauge,VGG,-77.609226,163.255299,1/19/2012,2012,orange,6.784140969,20.60205839,40636683,360.2,0,0,29,delta_harnish_crescent_vg,0,0,0,3.5,0,0,0,0,9,0,0,0,0,25,7.4,13.5,9,0,0,12,4.6,0,0,11,0,26,142.5,0,17,3,0,53.5,0,0,2,0,0.2,0,0,0,0,1,0,0,0,0,6,0,0,0,0,0,0.5,0,0,13.5,0,0,0,0,0,0,0,0,0,0,0,0,0,0,0,0,0,0,0,0,0,0,0,0,0,0,0,0,0,0,0,0,0,0,0,0
03CAG2008O15,733,Canada Gauge,CAG,-77.6,163.05,1/1/2008,2008,orange,27.66519824,20.33824782,237549708,320.1,0,1.4,30,canada_huey,0,141.5,0,0,0,0,1,0,67,14,14,0,0,0,4,5.7,0,0,0,1,2,0,2,0,0,9,9.9,3,0,8.5,5.9,5.5,0,0,4.5,1,0,2.2,4.7,3,0,0.2,0,1,0,0,0.4,0,0.6,0,0,0.5,0,0,0,6.6,0,0,0,0,0,0,0,0,0,0,0,0,0,0,0,0,0,0,0,0,0,0,0,0,0,0,0,0,0,0,0,0,0,0,0,0
03CAG2008B01,822,Canada Gauge,CAG,-77.6,163.05,12/11/2007,2008,black,16.03524229,19.44842419,237549708,344.1,0,0,31,canada_huey,0,160.5,1,0,0,0,0,0,79,10,13,0,0,0,0,3,1,0,0,0,0,0,7,0,0,17,3,0,0,1,2,11,0,3,2,0,0,7,5,0,0,0,0,0,0,0,1.5,0,0,0,5.7,0,0.5,2.5,0,8.4,0,0,0,0,0,0,0,0,0,0,0,0,0,0,0,0,0,0,0,0,0,0,0,0,0,0,0,0,0,0,0,0,0,0,0,0
03CAG2008O16,734,Canada Gauge,CAG,-77.6,163.05,1/1/2008,2008,orange,8.986784141,19.31824596,237549708,288.3,0,2.2,32,canada_huey,0,131.2,0,0,0,1.4,1.4,0,59,3,7.1,1,0,0,7,4.9,0,0,0.2,0.2,3.4,0,2.5,2,0,3.9,5.1,1,0,3.2,2.7,5.5,0,3.2,10.7,0,3.6,2.9,8.3,0,0,1,0,0.5,0,0,0.6,0,0.6,0.6,1.2,0,0,0.7,2,4,0,0,0,0,0,0,0,0.5,0,0,0,0,0,0,0,0,0,0,0,0,0,0,0,0,0,0,0,0,0,0,0,0,0,0,0,0
21AIK2013O02,2225,Aiken,AIK,-77.600694,163.292417,1/18/2013,2013,orange,9.955947137,19.2332326,258722325,343,0,0,33,NA,0,0,0,0,0,4,2.9,4,2,7,2,0,0,0,2.2,21.7,10.5,0,3.5,0,5.2,0,4,0.2,0,5,0,0,5,0,0,9,0,1,20,0,0,0,5.5,0,0,196.4,0,0,2,0,3.9,0,2.9,0,0,0.4,0,0.5,0,22.2,0,0,0,0,0,0,0,0,0,0,0,0,0,0,0,0,0,0,0,0,0,0,0,0,0,0,0,0,0,0,0,0,0,0,0,0
06VGM2008O03,717,Von Guerard Lower,VGM,-77.619444,163.287778,12/19/2007,2008,orange,5.550660793,19.14824565,18080712,319.2,0,3.2,34,delta_harnish_crescent_vg,0,0,0,1.1,0,0,4.7,0,4,0,0,0,0,41,7,17.6,21.4,0,0.7,5.6,3.8,0,0,16,0,32.2,9.5,0,8.7,15.9,0,30.5,0,10.9,35.5,0,0.8,2,3.2,0,0,1.6,0,0,0,0,2.1,0,0.2,0.2,0.2,0,0,0,0,37.6,0,0,0,2,0,0,0,0,0,0,0,0,0,0,0,0,0,0,0,0,0,0,0,0,0,0,0,0,0,0,0,0,0,0,0,0
12VGG2012O01,916,Von Guerard Gauge,VGG,-77.613889,163.259444,1/19/2012,2012,orange,11.23348018,18.94261591,40636683,336.3,0,0,35,delta_harnish_crescent_vg,0,0,0,0.2,0,3.5,0,0,7,0,0,0,0,2,7,51,31,0,1.5,18,7,0,0,12,0,21.5,77.5,3,21,8,0,38.5,0,0,5,0,0.2,3,1.5,0,0,2.5,0,0,0,0,8.2,0,1,0,1,0,0,0,0,4.2,0,0,0,0,0,0,0,0,0,0,0,0,0,0,0,0,0,0,0,0,0,0,0,0,0,0,0,0,0,0,0,0,0,0,0,0
08DEG2008O16,856,Delta Gauge,DEG,-77.625556,163.109722,1/15/2008,2008,orange,6.431718062,18.37613038,33945444,462.2,0,0,36,delta_harnish_crescent_vg,0,0,0,0,0,0,0,0,0,0,0,0,0,113,0,3,2,0,0,0,0,0,0,0,0,66,103,0,2,21,0,135,0,0,16,0,0,0,0,0,0,0,0,1,0,0,0,0,0.2,0,0,0,0,0,0,0,0,0,0,0,0,0,0,0,0,0,0,0,0,0,0,0,0,0,0,0,0,0,0,0,0,0,0,0,0,0,0,0,0,0,0,0
12VGG2012O02,917,Von Guerard Gauge,VGG,-77.613889,163.259444,1/19/2012,2012,orange,7.841409692,18.17108188,40636683,320.8,0,0,37,delta_harnish_crescent_vg,0,0,0,0,0,0,0,0,0,0,0,0,0,76,1.2,2,19,0,0,3,0.4,0,0,1,0,8,73,3,5,3,0,36,0,8,66,0,0,0,0,0,0,0,0,0,0,0,2,0,0,0,0.2,0,0,0,0,14,0,0,0,0,0,0,0,0,0,0,0,0,0,0,0,0,0,0,0,0,0,0,0,0,0,0,0,0,0,0,0,0,0,0,0,0
06VGM2008B04,714,Von Guerard Lower,VGM,-77.619444,163.287778,12/19/2007,2008,black,7.753303965,17.78824317,18080712,278.6,0,0,38,delta_harnish_crescent_vg,0,0,0,0,0,0,0,0,0,0,1,0,0,0,2.8,28.9,33,0,5.2,129.8,0,0,0,3,1,10,19.2,5,0,2,0,0,0,2,0,0,0,0,1,0,0,0,0,0,0,0,2.5,0,0,0,0,0,0,0,0,9.2,0,0,0,23,0,0,0,0,0,0,0,0,0,0,0,0,0,0,0,0,0,0,0,0,0,0,0,0,0,0,0,0,0,0,0,0
06VGM2012O01,905,Von Guerard Middle,VGM,-77.613889,163.259444,1/11/2012,2012,orange,21.18942731,17.42922223,40636683,343.7,0,0,39,delta_harnish_crescent_vg,0,0,0,2,0,2,4,0,9.5,2,0,0,0,2,6.8,49.5,48,0,2.2,39,2.2,0,0,11,0,26.5,47,3,7,0,0,36.5,0,2,11,0,0.2,2.5,0,0,0,1.2,0,0,0,0,7.2,0,0,0,0,0,0.5,0.7,0,18.2,0,0,0,0,0,0,0,0,0,0,0,0,0,0,0,0,0,0,0,0,0,0,0,0,0,0,0,0,0,0,0,0,0,0,0,0
03CAG2010B01,1167,Canada Gauge,CAG,-77.6136333,163.0522667,1/18/2010,2010,black,21.62995595,16.64077329,158136606,287.4,0,0,40,canada_huey,0,34,0,0.5,0,1,1,0,86,25.5,2,0,0,0,5.8,3.2,3,0,0,1,5.4,0,3,1,0,6.5,14,0,2,3,3,36,0,2,2,0,2,2.5,12.9,2,0,1.5,0,1,0,0,0.6,0,2.3,0,14.7,0,0,1,0,6,0,0,0,0,0,0,0,0,0,0,0,0,0,0,0,0,0,0,0,0,0,0,0,0,0,0,0,0,0,0,0,0,0,0,0,0
08DEG2010B01,1144,Delta Gauge,DEG,-77.6531944,163.0995833,1/21/2010,2010,black,16.03524229,16.55364473,21715029,334,0,0,41,delta_harnish_crescent_vg,0,0,0,3.4,0,0,0,0,4,0,0,0,0,0,48,17.5,45.5,0,2,0.5,18.6,0,0,12,0,9,17,15,13.5,50.5,0,49,0,0,6,0,0,1,1,0,0,0,0,0,0,0,9.6,0,2.2,0,0,0,0,0.5,0,8.2,0,0,0,0,0,0,0,0,0,0,0,0,0,0,0,0,0,0,0,0,0,0,0,0,0,0,0,0,0,0,0,0,0,0,0,0
06VGM1994O02,444,Von Guerard Middle,VGM,-77.6,163.25,1/10/1994,1994,orange,43.56828194,16.12496564,67707639,302.8,0,2.8,42,delta_harnish_crescent_vg,0,0,0,2.6,0,0,2,0,2.5,2,5,0,0,6,7,19.7,39.2,0,0.2,29.7,5.5,0,0,0.4,0,20.8,12.7,2.9,10.2,24.9,0,52.7,0,1,7.5,0,0.6,2.6,2.2,0,0,2.4,0,0,0,0,2.4,0,0,0.2,0.7,1,0,2,0,31.4,0,0,0,0,0,0,0,0,0,0,0,0,0,0,0,0,0,0,0,0,0,0,0,0,0,0,0,0,0,0,0,0,0,0,0,0
08DEG2010B04,1149,Delta Gauge,DEG,-77.6531944,163.0995833,1/21/2010,2010,black,9.030837004,16.11800191,21715029,344.5,0,0,43,delta_harnish_crescent_vg,0,0,0,1,0,0,0,0,8,1,0,0,0,47,6,2,10.5,0,0,0,3.6,0,4,3.5,0,6,12,6,68,101,0,41.5,0,0,8,0,0,0,0,0,0,0,0,1,0,0,9.5,0,1.7,0,0,0,0,1.5,0,1.7,0,0,0,0,0,0,0,0,0,0,0,0,0,0,0,0,0,0,0,0,0,0,0,0,0,0,0,0,0,0,0,0,0,0,0,0
03CAG2008B03,824,Canada Gauge,CAG,-77.6,163.05,12/11/2007,2008,black,10.484581500000001,16.05282713,237549708,348,0,0,44,canada_huey,0,64,1,0,0,0,0,0,49.5,31.5,3,0,0,0,0,5,3,0,0,42.6,0,0,4.5,0,0,2.5,12,2,3,5,0,21,0,0,0,0,0,2.5,4.9,0,0,1,0,0,0,0,1.4,0,0.2,0,87.7,0,0,0.2,0,0.5,0,0,0,0,0,0,0,0,0,0,0,0,0,0,0,0,0,0,0,0,0,0,0,0,0,0,0,0,0,0,0,0,0,0,0,0
03CAG2001B02,580,Canada Gauge,CAG,-77.6,163.05,1/18/2001,2001,black,13.1277533,14.7261674,93661740,272.8,0,0,45,canada_huey,0,104,1,1,0,4,0,0,7,24,55,0,0,0,4,0,1,0,0,0.2,0.2,0,4,0,0,7,1,0,1,11.5,0,22,0,0,0,0,0,1,6.7,0,0,2,0,0,0,0,0,0,0,0,2,0.7,0,0,0,12.5,0,0,0,0,0,0,0,0,0,0,0,0,0,0,0,0,0,0,0,0,0,0,0,0,0,0,0,0,0,0,0,0,0,0,0,0
07DEU2013O01,2291,Delta Upper,DEU,-77.6532222,163.0996944,1/17/2013,2013,orange,13.39207048,14.45064581,24706683,315.9,0,3,46,delta_harnish_crescent_vg,0,0,0,0,0,0,0,0,0,2,0,0,0,39,0,15.4,7,0,0,3.5,0,3,1,40,0,0,28.5,2,7,0,2,72,0,0,4,4,0,0,0,0,0,0,0,0,0,0,5,0,0,0,0,0,0,3.5,0,69,0,0,0,0,0,0,0,5,0,0,0,0,0,0,0,0,0,0,0,0,0,0,0,0,0,0,0,0,0,0,0,0,0,0,0,0
03CAG2001B03,581,Canada Gauge,CAG,-77.6,163.05,1/18/2001,2001,black,20.26431718,14.34977974,93661740,226.2,0,0,47,canada_huey,0,41,0,0,0,0.5,0,0,8,33,24,0,0,0,3,8,11.7,10,0,23.6,0,0,2,0,0,8.7,4,0,5.5,13,7,10,0,0,0,0,0,1.4,1.4,0,0,0,0,0,0,0,0,0,3,0,5,1.2,0,0,0,1.2,0,0,0,0,0,0,0,0,0,0,0,0,0,0,0,0,0,0,0,0,0,0,0,0,0,0,0,0,0,0,0,0,0,0,0,0
21AIK2013O01,2224,Aiken,AIK,-77.600694,163.292417,1/18/2013,2013,orange,23.25991189,14.34834449,258722325,327.1,0,0,48,NA,0,0,0,1,0,4.2,34.7,15,13.7,21.7,4.7,0,0,12,3.6,13.2,10.9,0,0,0.5,5.6,0,5.4,3,0,4.2,2,0,12,0,0,20,3,8,55,0,0.4,2,1.7,0,0.2,29.2,0,2.9,0,0,2,0,5.5,0,0,6.7,5,1.1,0,17,0,0,0,0,0,0,0,0,0,0,0,0,0,0,0,0,0,0,0,0,0,0,0,0,0,0,0,0,0,0,0,0,0,0,0,0
09GRN2010B04,1119,Green,GRN,-77.6239914,163.0583922,1/14/2010,2010,black,25.4185022,14.20117351,122636583,409,0,0,49,green_bowles,0,25,1,0,0,1,0,0,48,25,0,0,0,0,14,21.5,12.5,0,0,42.6,2.6,0,3,16,0,7,74,2,5,27,0,23,0,2,22,0,1.2,0,1.2,0,0,0,0,0,0,0,10.4,0,2.5,0,0,0,0,5,0,14.5,0,0,0,0,0,0,0,0,0,0,0,0,0,0,0,0,0,0,0,0,0,0,0,0,0,0,0,0,0,0,0,0,0,0,0,0
12VGG2008O12,838,Von Guerard Gauge,VGG,NA,NA,1/15/2008,2008,orange,32.51101322,14.14056984,18080712,341.8,0,2.8,50,delta_harnish_crescent_vg,0,0,0,5.3,0,0,0,0,2.5,0,1,0,0,0,19.8,81.6,25.7,0,8.4,22.4,6.4,0,0,4,0,33.8,20.2,1.2,12.7,15.6,0,27.4,0,3,3,0,0.4,2.2,3,0,0,3.2,0,0,0,0,16.7,0,0.2,0,0.2,0.5,0,0.2,0,10.4,0,0,0,1.5,0,0,0,6.5,0,0,0,0,0,0,0,0,0,0,0,0,0,0,0,0,0,0,0,0,0,0,0,0,0,0,0,0
03CAG2008B02,823,Canada Gauge,CAG,-77.6,163.05,12/11/2007,2008,black,26.07929515,13.40783574,237549708,329.7,0,0,51,canada_huey,0,52,0,0,0,2,0,0,50,24,4,0,0,0,0,10,5,0,0,13.4,0,0,4,0,0,12,2,0,0,3,2,6,0,4,4,0,0,6,4,0,0,0,0,0,0,0,0.4,0,0,0,121.9,0,0,0,0,0,0,0,0,0,0,0,0,0,0,0,0,0,0,0,0,0,0,0,0,0,0,0,0,0,0,0,0,0,0,0,0,0,0,0,0,0
09GRN2012B01,1026,Green,GRN,-77.624,163.0583889,1/17/2012,2012,black,23.34801762,13.39080483,188084331,329.9,0,0,52,green_bowles,0,76.2,0,0,0,6,2.5,0,41.2,32,1,0,0,2,5.2,34,5.5,0,0,19,2,0,3,7,0,8,12,0,2.5,0,0,6,0,3,10,10,2,9,3.2,0,0,0,0,0,0,0,0,0,2.6,0,0,0,0,6.8,0,18.2,0,0,0,0,0,0,0,0,0,0,0,0,0,0,0,0,0,0,0,0,0,0,0,0,0,0,0,0,0,0,0,0,0,0,0,0
09GRN2010O02,1124,Green,GRN,-77.6239914,163.0583922,1/14/2010,2010,orange,7.31277533,13.32988788,122636583,329,0,0,53,green_bowles,0,79.5,4,0,0,2,3,0,55,18,6.5,0,0,0,0,11.5,1,0,1.5,9,0,0,6,1,0,10,23,0,4,0,0,52.5,0,0,6,0,0,1,7,0,0,0,0,0,0,0,0,0,2,0,0,0,0,0,0,25.5,0,0,0,0,0,0,0,0,0,0,0,0,0,0,0,0,0,0,0,0,0,0,0,0,0,0,0,0,0,0,0,0,0,0,0,0
03CAG2013O04,2262,Canada Gauge,CAG,-77.613241,163.052688,1/13/2013,2013,orange,15.19823789,12.8394,202069188,572.6,0,0,54,canada_huey,0,256.9,2,1,0,0,2,0,89.7,24.2,52.1,0,0,0,6.6,6.3,1.7,0,0,0.7,1.6,0,16.4,3.7,2,4,0,3,0.4,7,0,16.1,0,12,0,0,0,4.6,20.8,6.5,0,1.2,0,2.6,0,0,0.5,0,0.9,0,0.4,5.3,0,0,0,20.4,0,0,0,0,0,0,0,0,0,0,0,0,0,0,0,0,0,0,0,0,0,0,0,0,0,0,0,0,0,0,0,0,0,0,0,0
03CAG2012B01,1010,Canada Gauge,CAG,-77.613241,163.052688,1/18/2012,2012,black,16.56387665,12.68480798,299214288,330.3,0,0,55,canada_huey,0,85.5,0,0,0,1,0.5,0,83.5,24,0,0,0,0,7.4,6,3,0,0,4.3,2.6,0,6.5,1.5,0,12,10,1,0,0,1,15.5,0,1,8,0,3.8,0,5.2,7.5,0,0,0,0,0,0,3.7,0,0,0,30.8,0,0,0,0,5,0,0,0,0,0,0,0,0,0,0,0,0,0,0,0,0,0,0,0,0,0,0,0,0,0,0,0,0,0,0,0,0,0,0,0,0
21AIK2007O04,653,Aiken,AIK,NA,NA,1/2/2007,2007,orange,3.215859031,12.57231978,91310958,344.8,0,0,56,NA,1,1,0,0,0,3,5,0,12.5,6,1,0,0,0,0,106.9,84.5,0,3,3,0,0,2,0,3,6,6,0,8,1,4,6,0,5,3,0,0,0,9,0,0,7,0,0,0,0,23.9,0,0,0,0,0,4,3,0,27,0,0,0,0,0,0,0,0,0,0,0,0,0,0,0,0,0,0,0,0,0,0,0,0,0,0,0,0,0,0,0,0,0,0,0,0
08DEG2012B01,987,Delta Gauge,DEG,-77.6532222,163.0996944,1/16/2012,2012,black,12.02643172,12.18052452,65583054,345.7,0,0,57,delta_harnish_crescent_vg,0,1,0,0,0,0,0,0,1,0,0,0,0,42,4,8,26,0,0,0,7.4,0,0,1,0,9,37.5,2,40,102.5,0,56.5,0,0,4,0,0.2,1,0,0,0,0,0,0,0,0,0.7,0,0.2,0,0,0,0,0,0,1.7,0,0,0,0,0,0,0,0,0,0,0,0,0,0,0,0,0,0,0,0,0,0,0,0,0,0,0,0,0,0,0,0,0,0,0,0
08DEG2003O02,570,Delta Gauge,DEG,-77.6532222,163.0996944,1/9/2003,2003,orange,0.8,12.154,27726867,276,0,0,58,delta_harnish_crescent_vg,0,0,0,1.5,0,0,0,0,4,4,3.5,0,0,0,7.5,22,26.5,0,2,8,11.75,0,2.5,3.5,0,26.5,40.5,1.75,12.5,21,23.5,34,0,1,0,0,0,2,0,0,0,0,0,1,0,12.5,0,0,0,0,0,0,0,1,0,2,0,0,0,0,0,0,0,0,0,0,0,0,0,0,0,0,0,0,0,0,0,0,0,0,0,0,0,0,0,0,0,0,0,0,0,0
12VGG2007B03,702,Von Guerard Gauge,VGG,-77.609167,163.254167,1/8/2007,2007,black,12.51101322,11.76674748,43067538,292.3,0,1.4,59,delta_harnish_crescent_vg,0,0,0,1.2,0,0,0.5,0,7,0,1,0,0,0,50.2,59.3,15.1,0,0.4,32.8,7.3,0,0,8,0,13.4,17.2,3,10.5,13,0,15.7,0.5,3,10.4,0,0.6,3.5,0.2,0,0,1,0,0,0,0,5.7,0,0.6,0,0,0,0,0,0,9.8,0,0,0,0,0,0,0,0,0,0,0,0,0,0,0,0,0,0,0,0,0,0,0,0,0,0,0,0,0,0,0,0,0,0,0,0
28HAR2012O02,928,Harnish,HAR,-77.6233333,163.0576111,1/11/2012,2012,orange,11.10132159,11.54786439,45553401,337.6,0,0,60,delta_harnish_crescent_vg,0,0,0,0.5,0,0,0,0,2,0,0,0,0,0,16,137,44.5,0,0,16,2,0,0,13.5,0,18,19,5,11.5,9,0,9,0,1,3,0,0,11,0.7,0,0,0,0,2,0,0,2.5,0,0,0,0,0,0,0,0,14.4,0,0,0,0,0,0,0,0,0,0,0,0,0,0,0,0,0,0,0,0,0,0,0,0,0,0,0,0,0,0,0,0,0,0,0,0
08DEG2012B04,990,Delta Gauge,DEG,-77.6532222,163.0996944,1/16/2012,2012,black,24.62555066,11.47452766,65583054,336.2,0,0,61,delta_harnish_crescent_vg,0,0,0,0,0,0,0,0,3,2,0,0,0,0,48,29,42,0,0,1.7,28,0,1.5,18,0,24,13,6.7,15.2,49,0,29,0,0,6,0,0.2,1,0,0,0,0.2,0,0,0,0,10,0,0,0,0,0,0,0,0,8.7,0,0,0,0,0,0,0,0,0,0,0,0,0,0,0,0,0,0,0,0,0,0,0,0,0,0,0,0,0,0,0,0,0,0,0,0
09GRN2012O04,1021,Green,GRN,-77.624,163.0583889,1/17/2012,2012,orange,6.740088106,11.32324262,188084331,344.9,0,0,62,green_bowles,0,16,0,0.2,0,5,0,0,15,26,3,0,0,0,2,20,18.5,0,0,6,0.6,0,2,2,0,6,55,0,4,1,0,26.5,0,0,0,0,1.2,5.5,50.3,0,0,0,0,3,0,0,1.2,0,3.6,0,0,0,0.7,4,0,66.6,0,0,0,0,0,0,0,0,0,0,0,0,0,0,0,0,0,0,0,0,0,0,0,0,0,0,0,0,0,0,0,0,0,0,0,0
18LAU2012O03,1032,Lawson Upstream,LAU,-77.7203611,162.2687778,1/23/2012,2012,orange,16.12334802,11.32324262,217707372,314.9,0,0,63,NA,0,0,0,0,0,0,0,0,28.5,0,0,0,0,0,0.4,1.5,1,0,0,3.5,3.4,0,0,0.5,0,0,112.5,0,0,9,0,123.5,0,0,9,0,1.6,20,0,0,0,0,0,0,0,0,0,0,0.5,0,0,0,0,0,0,0,0,0,0,0,0,0,0,0,0,0,0,0,0,0,0,0,0,0,0,0,0,0,0,0,0,0,0,0,0,0,0,0,0,0,0,0
18LAU2012O04,1033,Lawson Upstream,LAU,-77.7203611,162.2687778,1/23/2012,2012,orange,8.942731278,11.22238593,217707372,317.1,0,0,64,NA,0,0,0,0,0,0,0,0,24,0,0,0,0,0,0.2,0,0,0,0,2,0.8,0,0,0.5,0,0,206,0,0,3,0,77.5,0,0,1,0,0.6,1,0,0,0,0,0,0,0,0,0,0,0,0,0,0,0.5,0,0,0,0,0,0,0,0,0,0,0,0,0,0,0,0,0,0,0,0,0,0,0,0,0,0,0,0,0,0,0,0,0,0,0,0,0,0,0
12VGG2008O11,855,Von Guerard Gauge,VGG,-77.609444,163.254167,1/15/2008,2008,orange,5.726872247,11.19176187,18080712,362.8,0,0,65,delta_harnish_crescent_vg,0,0,0,0,0,0,1,0,6,0,0,1,0,13,0,14,28.1,0,1,24,0,0,0,0,0,62.2,28,0,4,0,0,128.1,0,10,22,0,0,1,0,0,0,0,0,0,0,0,7,0,0,0,0,0,0,0,0,12.4,0,0,0,0,0,0,0,0,0,0,0,0,0,0,0,0,0,0,0,0,0,0,0,0,0,0,0,0,0,0,0,0,0,0,0,0
22CMN2010O02,1130,Commonwealth,CMN,-77.563611,163.382556,1/13/2010,2010,orange,2.511013216,11.06454522,199492038,341,0,0,66,NA,1.5,14,0,0,0,0,14,0,104,0,4,0,0,15,0,3,0.5,0,2,0.5,0,0,11.5,7.5,0,27.5,5,2,12,4,3,35,0,8,42,0,0,4,0.5,0,0,3,0,3,0,0,0,0,2,0,1,0,3,6,0,2.5,0,0,0,0,0,0,0,0,0,0,0,0,0,0,0,0,0,0,0,0,0,0,0,0,0,0,0,0,0,0,0,0,0,0,0,0
03CAG2001B04,582,Canada Gauge,CAG,-77.6,163.05,1/18/2001,2001,black,16.69603524,11.03286344,93661740,228.9,0,0,67,canada_huey,0,79.5,0,1,0,0,0,0,18,18,48,0,0,0,1.2,0,6,0,2,4,0,0,3.5,0,0,7.5,0.5,0,0.2,8,0.5,12.5,0,0,0,0,0,5,1.5,0,0,0,0,0,0,0,0,0,0,0,10.5,0,0,0,0,1.5,0,0,0,0,0,0,0,0,0,0,0,0,0,0,0,0,0,0,0,0,0,0,0,0,0,0,0,0,0,0,0,0,0,0,0,0
06VGM2008B02,712,Von Guerard Lower,VGM,-77.619444,163.287778,12/19/2007,2008,black,4.0969163,10.45902777,18080712,216.3,0,0.4,68,delta_harnish_crescent_vg,0,0,0,0,0,0,0,0,12,2,5,0,0,0,5.8,24.5,42.7,0,13.7,10.2,0,0,0,5.5,0,13.5,4.2,0.5,14.9,1,2,33.5,0,4,0,1,0,2,2.2,0,0,1,0,0,0,0,0,0,0,0,2,0,0,1,0,11.7,0,0,0,0,0,0,0,0,0,0,0,0,0,0,0,0,0,0,0,0,0,0,0,0,0,0,0,0,0,0,0,0,0,0,0,0
22CMN2012B03,953,Commonwealth,CMN,-77.563611,163.382556,1/23/2012,2012,black,13.1277533,10.43585469,265935996,318.1,0,0,69,NA,0,24,0,1,0,0,4,0,133,0,0,0,0,0,2.6,9.5,9.5,0,1,2,2.8,0,18.5,6,0,17,11,0,0,0,0,29,0,1.5,5,3,2.6,9.5,7,1,0,5.5,0,0.5,0,0,1.2,0,2.2,0,0,0,4.5,2,0,1.7,0,0,0,0,0,0,0,0,0,0,0,0,0,0,0,0,0,0,0,0,0,0,0,0,0,0,0,0,0,0,0,0,0,0,0,0
06VGM2010O03,1138,Von Guerard Lower,VGM,-77.6193008,163.2884794,1/11/2010,2010,orange,4.49339207,10.28038815,93741201,313,0,0,70,delta_harnish_crescent_vg,0,0,0,0,0,0,0,0,4,0,0,0,0,9,0,12,20,0,0,10,0,0,0,13,0,20,58,1,29,1,0,88,0,2,8,0,0,0,1,0,0,0,0,0,0,0,2,0,0,0,0,0,0,0,0,35,0,0,0,0,0,0,0,0,0,0,0,0,0,0,0,0,0,0,0,0,0,0,0,0,0,0,0,0,0,0,0,0,0,0,0,0
06VGM1994O01,443,Von Guerard Middle,VGM,-77.6,163.25,1/10/1994,1994,orange,21.76211454,10.17381498,67707639,316.2,0,2.8,71,delta_harnish_crescent_vg,0,0,0,0.8,0,0,0,0,6,0,4,0,0,0,7.6,8.9,19.5,0,0,22.9,3.6,0,0,0,0,51.4,34.7,2,2.2,46.7,0,53.7,0,0,0,0,0.2,3.2,0,0,0,2,0,2,0,0,5,0,0.7,0,0.6,0,0,0,0,35.7,0,0,0,0,0,0,0,0,0,0,0,0,0,0,0,0,0,0,0,0,0,0,0,0,0,0,0,0,0,0,0,0,0,0,0,0
09GRN1995O03,455,Green,GRN,-77.6166667,163.05,1/22/1995,1995,orange,14.44126737,10.09662888,27232074,229.5,0,3.2,72,green_bowles,0,0.5,0,0,0,0,0,0,2,11,0,0,0,0,4,8.2,6,0,15.2,13,0.8,0,1,2,0,6,69,0,3.5,9,0,19,0,0,0,0,0.4,1,16.2,0,0,0,0,0,0,0,1.6,0,0,0,0,0,0,2,0,29.9,0,0,0,5,0,0,0,0,0,0,0,0,0,0,0,0,0,0,0,0,0,0,0,0,0,0,0,0,0,0,0,0,0,0,0,0
09GRN1994O03,182,Green,GRN,-77.624,163.0583889,1/12/1994,1994,orange,8.59030837,10.09464581,58251123,339.3,0,0,73,green_bowles,0,11,0,0,0,1,2,0,19,11,0,0,0,0,0,4,0,0,2,2,0,0,0,1,0,7,105.7,0,0,6,0,90.5,0,2,0,0,0,4,2,0,0,0,0,0,0,0,0,0,0,0,0,0,0,4,0,65.1,0,0,0,0,0,0,0,0,0,0,0,0,0,0,0,0,0,0,0,0,0,0,0,0,0,0,0,0,0,0,0,0,0,0,0,0
07DEU2013O04,2294,Delta Upper,DEU,-77.6532222,163.0996944,1/17/2013,2013,orange,8.325991189,10.05168899,24706683,310.1,0,0,74,delta_harnish_crescent_vg,0,12,0,0,0,0,5,0,7,30,1,0,0,13,0,8.6,8.5,0,0,3,0,0,0,47.5,0,0,32,0,11,0,0,47,0,6,10,2,0,0,6.5,2.5,0,0,0,2,0,0,0,0,1,0,0,0,0,0,0,47.5,0,0,0,0,0,0,0,7,0,0,0,0,0,0,0,0,0,0,0,0,0,0,0,0,0,0,0,0,0,0,0,0,0,0,0,0
09GRN2008O16,853,Green Creek Gauge,GRN,NA,NA,1/7/2008,2008,orange,4.845814978,10.03011024,175385277,280.3,0,1,75,green_bowles,0,12,0,0,0,0,0,0,20.2,6,2,0,0,0,0.2,0,0,0,0,4.5,0.2,0,0,0.2,0,8,77.7,2,0,31.5,0,65.5,0,0,1,0,0,0,2.2,0,0,0,0,0.2,0,0,0,0,0.4,0,0,0,0,0,0,40.5,0,0,0,5,0,0,0,0,0,0,0,0,0,0,0,0,0,0,0,0,0,0,0,0,0,0,0,0,0,0,0,0,0,0,0,0
09GRN1995O02,454,Green,GRN,-77.6166667,163.05,1/22/1995,1995,orange,17.08883305,9.728612288,27232074,225.75,8.25,1,76,green_bowles,0,5,2,0,0,0,0,0,0,6,0,1,0,0,6.25,2,12,0,40.75,5,0,0,0,6,0,10,33.25,3,4,40,2,0,0,0,0,0,0,0.25,16,0,0,0,0,0,0,0,0,0,0,0,0,0,0,0,0,22,0,0,0,0,0,0,0,0,0,0,0,0,0,0,0,0,0,0,0,0,0,0,0,0,0,0,0,0,0,0,0,0,0,0,0,0
06VGM2008B01,711,Von Guerard Lower,VGM,-77.619444,163.287778,12/19/2007,2008,black,6.343612335,9.458220211,18080712,273.3,0,0.2,77,delta_harnish_crescent_vg,0,5,1,0.7,0,0,0,0,7,2,2,0,0,0,11.5,21.9,52.8,0,15.1,29.4,0,0,0,7,0,20,16.7,2,9.5,0,0,45.9,0,0,0,0,0,0.2,0.2,0,0,2,0,0,0,0,4,0,0,0,0,2,0,0,0,10.2,0,0,0,1,0,0,0,4,0,0,0,0,0,0,0,0,0,0,0,0,0,0,0,0,0,0,0,0,0,0,0,0,0,0,0,0
21AIK2013O04,2227,Aiken,AIK,-77.600694,163.292417,1/18/2013,2013,orange,17.48898678,9.207703084,258722325,318.4,0,0,78,NA,0,1,0,0,0,7,17,18.2,17.5,11,2.5,0,0,1,4.1,30,18.2,0,0,0,19.1,0,3,8,0,5,2,0,5,2,0,19.7,3.5,1,19.5,0,2.4,4,7.2,0,0,30,0,0.5,0,0,5.1,0,4.7,0,0,4.9,0,1,0,41.3,0,0,0,2,0,0,0,0,0,0,0,0,0,0,0,0,0,0,0,0,0,0,0,0,0,0,0,0,0,0,0,0,0,0,0,0
06VGM2013O01,2409,Von Guerard Middle,VGM,-77.613889,163.259444,1/10/2013,2013,orange,9.515418502,9.156552423,16980732,487.1,0,0,79,delta_harnish_crescent_vg,0,13.7,0,0.9,0,4,2.5,0,0,0,14,0,0,0,2,47.4,31.3,0,2.2,43.5,0,0,0,42,6.2,0,0,2,5.5,40.7,0,91,0,1,0,0,0,2.2,4.5,0,0,0,0,0,0,0,0,0,0,0,0,2.5,0,0,0,100,0,0,0,0,0,0,0,0,0,0,0,0,0,0,0,0,0,27,0,0,0,0,0,0,0,0,0,0,0,0,0,0,0,0,1,0
03CAG2010O03,1171,Canada Gauge,CAG,-77.6136333,163.0522667,1/18/2010,2010,orange,4.185022026,8.973459698,158136606,312.9,0,0,80,canada_huey,0,131.5,0,0,0,1,4,0,122.5,4,3,1,0,0,0.2,0,0,0,0,0,0.8,0,5,0,0,4,5,0,0,1,1,9,0,2,10,0,0.8,0,0,0,0,1,0,0,0,0,0,0,0.6,0,0,0,0,2,0,3.5,0,0,0,0,0,0,0,0,0,0,0,0,0,0,0,0,0,0,0,0,0,0,0,0,0,0,0,0,0,0,0,0,0,0,0,0
06VGM1994B05,224,Von Guerard Middle,VGM,-77.6193056,163.2884722,1/10/1994,1994,black,27.92951542,8.914215859,67707639,327.5,0,2,81,delta_harnish_crescent_vg,0,0,0,4.4,0,0,1,0,6,2,3,0,0,0,18.2,32.2,4.6,0,2.2,64.9,9.6,0,0,0,0,30.2,23.6,2.2,5.4,28.7,0,49.1,0,5.5,5,0,1.2,7.4,0,0,0,0.2,0,0,0,0,3.8,0,1,1.2,2.4,0,0,2,0,4.5,0,0,0,3,0,0,0,1,0,0,0,0,0,0,0,0,0,0,0,0,0,0,0,0,0,0,0,0,0,0,0,0,0,0,0,0
21AIK2007O02,651,Aiken,AIK,NA,NA,1/2/2007,2007,orange,1.321585903,8.794077825,91310958,364.3,0,1.6,82,NA,0,0,0,0,0,2,14.7,0,20.5,9,0,0,0,0,20.3,49.9,62.1,0,3.5,4,1.4,0,2,0,0,5.5,3,2.5,12.2,0,0,16.9,0,3,14,0,0.4,5.2,4.2,0,0,6.7,0,0,0,0,32.1,0,4,2.4,0,0,0.5,13.2,0,47.5,0,0,0,0,0,0,0,0,0,0,0,0,0,0,0,0,0,0,0,0,0,0,0,0,0,0,0,0,0,0,0,0,0,0,0,0
06VGM1994B02,211,Von Guerard Middle,VGM,-77.6193056,163.2884722,1/10/1994,1994,black,81.71806167,8.689887225,67707639,326.9,0,0,83,delta_harnish_crescent_vg,0,0,0,2,0,0,0,0,11,0,0,0,0,14,0,32,42.4,0,4,26,0,0,0,0,0,35.4,12,4,11,0,0,79.9,0,21,14,0,0,4.5,0,0,0,8.7,0,0,0,0,0,0,0,0,2,0,0,0,0,3,0,0,0,0,0,0,0,0,0,0,0,0,0,0,0,0,0,0,0,0,0,0,0,0,0,0,0,0,0,0,0,0,0,0,0,0
03CAG2013O02,2260,Canada Gauge,CAG,-77.613241,163.052688,1/13/2013,2013,orange,11.54185022,8.645045815,202069188,357.9,0,0,84,canada_huey,0,152.5,1,0.2,0,3,3,0,50.7,15.5,43.4,0,0,0,5.6,3,0.2,0,0,2,0,0,6.2,0,1.2,2.5,0,0,0.5,10,0,27.6,0,4.5,0,0,0,1.4,9.8,2,0,0,0,1,0,0,0.7,0,2,0,1,1.8,0,0,0,3.1,0,0,0,0,0,0,0,0,2.5,0,0,0,0,0,0,0,0,0,0,0,0,0,0,0,0,0,0,0,0,0,0,0,0,0,0,0
22CMN2010O03,1129,Commonwealth,CMN,-77.563611,163.382556,1/13/2010,2010,orange,1.453744493,8.624945444,199492038,341.5,0,0,85,NA,0,16,0,0,0,1,11.5,0,106,0,5,0,0,24,0,3,0,0,0,3,0,0,3.5,1,0,25,4,0,8,0,2,43.5,0,8,43,0,0,2,0.5,0,0,1,0,4,0,0,0,0,10,0,0,0,3.5,10,0,3,0,0,0,0,0,0,0,0,0,0,0,0,0,0,0,0,0,0,0,0,0,0,0,0,0,0,0,0,0,0,0,0,0,0,0,0
07DEU2013O02,2292,Delta Upper,DEU,-77.6532222,163.0996944,1/17/2013,2013,orange,16.47577093,8.593895154,24706683,318.9,0,0,86,delta_harnish_crescent_vg,0,13,0,0,0,0,0,0,4,2,0,0,0,2,0,12.9,11.2,0,0,6,0,0,0,53,0,0,61,0,9,0,0,87.7,0,3,7,0,0,0,0,1,0,0,0,0,0,0,6.1,0,0.2,0,0,0,0,0,0,37.8,0,0,0,0,0,0,0,2,0,0,0,0,0,0,0,0,0,0,0,0,0,0,0,0,0,0,0,0,0,0,0,0,0,0,0,0
09GRN1994O05,233,Green,GRN,-77.624,163.0583889,1/12/1994,1994,orange,6.872246696,8.568720705,58251123,299.1,0,3.6,87,green_bowles,0,2.5,0,0,0,0,1.5,0,14.5,12,5,0,0,1,0.4,1,4,0,8.2,4,0.2,0,0,5.5,0,5.5,71.6,0,3,21.5,2,53.4,0,0,1.5,1,0,0,13.8,0,0,0,0,0,0,0,0,0,0.8,0.2,0,0,0,2,0,51.4,0,0,0,3,0,0,0,5,0,0,0,0,0,0,0,0,0,0,0,0,0,0,0,0,0,0,0,0,0,0,0,0,0,0,0,0
03CAG2001O01,586,Canada Gauge,CAG,-77.6,163.05,1/18/2001,2001,orange,2.995594714,8.504008811,93661740,231.9,0,1.6,88,canada_huey,0,73.5,1,0,0,0.7,0.7,0,25.5,27,8.4,5,0,0,12.8,0,15.1,0,0,7.5,5,0,0.5,0.2,0,3.5,9.7,0,0,4,0,2,0,0,12.9,0,1.6,0,2,0.2,0,1.9,0,0,0,0,0,0,1,0.2,0,0,0,3,0.2,5.2,0,0,0,0,0,0,0,0,0,0,0,0,0,0,0,0,0,0,0,0,0,0,0,0,0,0,0,0,0,0,0,0,0,0,0,0
06VGM2010O01,1135,Von Guerard Lower,VGM,-77.6193008,163.2884794,1/11/2010,2010,orange,4.801762115,8.363950929,93741201,323,0,0,89,delta_harnish_crescent_vg,0,0,0,0,0,0,3.5,0,3,1,0,0,0,173,0,7,4,0,1,6,0,0,0,3,0,1,20,2,16,3,0,36,0,5,35,0,0,0,0,0,0,0,0,0,0,0,1,0,0.5,0,0,0,0,1,0,1,0,0,0,0,0,0,0,0,0,0,0,0,0,0,0,0,0,0,0,0,0,0,0,0,0,0,0,0,0,0,0,0,0,0,0,0
03CAG1995O02,600,Canada Gauge,CAG,-77.6,163.05,1/17/1995,1995,orange,11.55301389,8.317106416,41703516,309.8,0,4,90,canada_huey,0,126.2,0,0.2,0,0,0,0,50.5,19,16,0,0,0,8.2,1.8,0,0,1,1,5.2,0,0.7,0.7,0,6.9,5.4,0,0.7,7.7,8.7,4.7,0,1,0,0,4.6,7.4,9.4,0,0,1,0,0,0,0,1.2,0,1.9,0.8,0.2,0,0,0.2,1,10,0,0,0,0,0,0,0,2.5,0,0,0,0,0,0,0,0,0,0,0,0,0,0,0,0,0,0,0,0,0,0,0,0,0,0,0,0
03CAG2013B01,2250,Canada Gauge,CAG,-77.613241,163.052688,1/13/2013,2013,black,17.62114537,8.31256652,202069188,435.4,0,0,91,canada_huey,0,133.3,0,0,0,1.5,2,0,69.7,46.4,58.2,0,0,0,5.8,9.2,1.5,0,2.9,5.6,2.2,0,8.3,6.6,2.2,3.6,0,0,2.9,13.2,0,14.8,0,5,0,0,0,5.7,16.7,0,0,0,0,0,0,0,1.4,0,0.2,0,2.1,3.6,0,0,0,10.1,0,0,0,0,0,0,0,0,0,0,0,0,0,0,0,0,0,0,0,0,0,0,0,0,0,0,0,0,0,0,0,0,0,0,0,0.7
03CAG2012O02,1003,Canada Gauge,CAG,-77.613241,163.052688,1/18/2012,2012,orange,12.81938326,8.247113485,299214288,338.3,0,0,92,canada_huey,0,140.5,1,0,0,2,2,0,112.5,8,2,0,0,0,3.2,1,2,0,0,0,3.4,0,2,0,0,4,0,0,0,3,3,23,0,0,4,0,2.6,1,3,0.5,0,0.2,0,3.5,0,0,2,0,1.9,0,0,0,0,3,0,4,0,0,0,0,0,0,0,0,0,0,0,0,0,0,0,0,0,0,0,0,0,0,0,0,0,0,0,0,0,0,0,0,0,0,0,0
03CAG2013B02,2251,Canada Gauge,CAG,-77.613241,163.052688,1/13/2013,2013,black,19.91189427,8.235840529,202069188,455.1,0,0,93,canada_huey,0,121.3,0.6,0.5,0,0.4,3,0,86.5,25.3,29.5,0,0,0,17.4,19,6.4,0,0,2,4.8,0,8.1,4.4,0,0.2,0,4.6,1.3,14.4,0,8.6,0,5,0,1,0,8.2,21.7,12.4,0,3.9,0,4,0,0,1.7,0,6,0,8.7,6.1,0,0,0,15.6,0,0,0,0,0,0,0,0,0.5,0,0,0,0,0,0,0,0,0,0,0,0,0,0,0,0,0,0,0,0,0,0,0,0,0,0,2
03CAG1995O03,601,Canada Gauge,CAG,-77.6,163.05,1/17/1995,1995,orange,8.664760419,8.101249946,41703516,307.2,0,4,94,canada_huey,0,121,0,1,0,1,1,0.4,47.9,17.9,11.7,0,0,0,8.8,5.2,2.9,0,2,2.6,5.6,0,9,0,0,2.2,11,0,1,2,0,6.5,0,0,1,0,4.2,7.6,13.7,0,0,0.2,0,0,0,0,0.2,0,1,1.2,0,0,0,0,0.5,12.9,0,0,0,0,0,0,0,0,0,0,0,0,0,0,0,0,0,0,0,0,0,0,0,0,0,0,0,0,0,0,0,0,0,0,0,0
06VGM2010O04,1139,Von Guerard Lower,VGM,-77.6193008,163.2884794,1/11/2010,2010,orange,1.40969163,7.98890693,93741201,328,0,0,95,delta_harnish_crescent_vg,0,0,0,0,0,0,2,0,8,0,0,0,0,6,0,26,23,0,0,17,0,0,0,15,0,27,47,1,27,4,0,70,0,2,19,0,0,1,0,0,0,0,0,0,0,0,3,0,0,0,0,0,0,0,0,30,0,0,0,0,0,0,0,0,0,0,0,0,0,0,0,0,0,0,0,0,0,0,0,0,0,0,0,0,0,0,0,0,0,0,0,0
09GRN1994O01,242,Green,GRN,-77.624,163.0583889,1/12/1994,1994,orange,8.898678414,7.985973568,58251123,324,0,0,96,green_bowles,0,4,0,0,0,0,2,0,5,2,0,0,0,0,0,1,4,0,0,5,0,0,0,2,0,4,160,0,0,1,0,69,0,0,0,0,0,1,1.5,0,0,0,0,0,0,0,0,0,0.5,0,0,0,1,1,0,60,0,0,0,0,0,0,0,0,0,0,0,0,0,0,0,0,0,0,0,0,0,0,0,0,0,0,0,0,0,0,0,0,0,0,0,0
12VGG2010O03,1104,Von Guerard Gauge,VGG,-77.6092258,163.2552989,1/27/2010,2010,orange,4.669603524,7.980194073,93741201,345.5,0,0,97,delta_harnish_crescent_vg,0,0,0,0.5,0,0,0,0,1.5,0,1,0,0,55,0.6,1.5,6,0,0,2.5,0,0,0,12,0,23.5,85,1,29,21,0,92,0,2,5,0,0,0,0,0,0,0,0,1,0,0,1.2,0,0,0,0,0,0,0,0,4.2,0,0,0,0,0,0,0,0,0,0,0,0,0,0,0,0,0,0,0,0,0,0,0,0,0,0,0,0,0,0,0,0,0,0,0,0
03CAG1994O01,291,Canada Gauge,CAG,-77.61325,163.0526944,1/8/1994,1994,orange,19,7.920288,130137741,312,0,4.5,98,canada_huey,0,146.2,0,1.8,0,0,4,0,48,9.5,23.7,0,0,0,3.4,1.9,0.2,0,0,0,5,0,3.5,0,0,5.6,5.9,1.1,0,8.4,3.4,6.4,0,0,3,0,1.8,4.5,5.2,0.7,0,0,0,0,0,0,0.2,0,1.1,0.4,0.2,0,1.5,2.2,0,7.7,0,0,0,1,0,0,0,0,0,0,0,0,0,0,0,0,0,0,0,0,0,0,0,0,0,0,0,0,0,0,0,0,0,0,0,0
03CAG2012O01,1002,Canada Gauge,CAG,-77.613241,163.052688,1/18/2012,2012,orange,9.074889868,7.894115059,299214288,384,0,0,99,canada_huey,0,205.7,0,0,0,0,2.5,0,83.8,0,2,0,0,0,2.4,1.2,0,0,0.5,1.2,6.4,0,2.4,0,0,2.9,8.4,0,1,0,5.7,18.2,0,2,19,0,0.6,3.4,4.7,0,0,2,0,0,0,0,1.1,0,3.9,0,0,1.5,0,0.7,0,0.8,0,0,0,0,0,0,0,0,0,0,0,0,0,0,0,0,0,0,0,0,0,0,0,0,0,0,0,0,0,0,0,0,0,0,0,0
03CAG2008O13,731,Canada Gauge,CAG,-77.6,163.05,1/1/2008,2008,orange,15.55066079,7.867651062,237549708,323.9,0,2,100,canada_huey,0,182.7,1,0,0,1.5,1,0,44.5,13.5,9.7,0,0,2,3.2,4,0,0,0,0,1,0,1,0,0,12.2,4.5,1,0,10,2,3.5,0,0,2,0,0,6.4,5.3,0,0,1,0,1,0,0,2.7,0,0.2,0.2,0,0,0,0.5,0,4.3,0,0,0,0,0,0,0,0,0,0,0,0,0,0,0,0,0,0,0,0,0,0,0,0,0,0,0,0,0,0,0,0,0,0,0,0
03CAG2013O03,2261,Canada Gauge,CAG,-77.613241,163.052688,1/13/2013,2013,orange,5.022026432,7.775484581,202069188,388.5,0,0,101,canada_huey,0,225.3,0,0,0,1.5,0,0,48.5,11,14.7,0,0,0,4.7,2.5,1.2,0,3.2,1.5,0.2,0,2.9,4.4,0,6,0,3,1.7,9.3,0,7.3,0,4.5,0,0,0,3.5,16.5,2.2,0,2.2,0,0,0.5,0,1,0,0.7,0,1.7,2.9,0,0,0,3.2,0,0,0,0,0,0,0,0,0,0,0,0,0,0,0,0,0,0,0,0,0,0,0,0,0,0,0,0,0,0,0,0,0.7,0,0,0
12VGG2010O01,1106,Von Guerard Gauge,VGG,-77.6092258,163.2552989,1/27/2010,2010,orange,4.713656388,7.762372664,93741201,326.9,0,0,102,delta_harnish_crescent_vg,0,0,0,0,0,0,0,0,2,2,0,0,0,37,2.8,6.5,12.5,0,0,11,2,0,0,8.5,0,12,117,0,18.5,4,0,74,0,3,8,0,0,0,0,0,0,0,0,0,0,0,4.2,0,0.7,0,0.2,0,0,0,0,1,0,0,0,0,0,0,0,0,0,0,0,0,0,0,0,0,0,0,0,0,0,0,0,0,0,0,0,0,0,0,0,0,0,0,0,0
03CAG2012O03,1004,Canada Gauge,CAG,-77.613241,163.052688,1/18/2012,2012,orange,13.21585903,7.74283002,299214288,320.7,0,0,103,canada_huey,0,166.3,0,0,0,0,6,0,68.5,4,2,0,0,0,3,0,0,0,0,0,3.6,0,8,0,0,5.5,0,0,0.5,0,5,7.5,0,2,23,9,1.2,0.5,1,0.5,0,0,0,0,0,0,0,0,0.5,0,0,0,0.5,0.4,0,2.2,0,0,0,0,0,0,0,0,0,0,0,0,0,0,0,0,0,0,0,0,0,0,0,0,0,0,0,0,0,0,0,0,0,0,0,0
03CAG1994O03,202,Canada Gauge,CAG,-77.61325,163.0526944,1/8/1994,1994,orange,11.4,7.71453,130137741,262.9,0,1,104,canada_huey,0,123.9,0.2,0.4,0,0,3,0,60,24,5,0,0,0,2.2,2.8,1.2,0,0.2,0,0.4,0,2,1,0,2.9,2.2,0,0,4.1,2.2,2.2,0,0,1.5,0,0.6,3.1,6.5,0,0,1,0,0,0,0,0.9,0,0,0,1,0,0,0.7,0.5,4.2,0,0,0,2,0,0,0,0,0,0,0,0,0,0,0,0,0,0,0,0,0,0,0,0,0,0,0,0,0,0,0,0,0,0,0,0
09GRN2013O01,2314,Green,GRN,-77.624,163.0583889,1/15/2013,2013,orange,9.074889868,7.64760793,267335793,308.1,0,0,105,green_bowles,0,43.8,3,0.5,0,2.5,5,7,23.9,14.5,26.4,1,0,14,1.9,4.4,1,0,0,4,3.5,0,3.2,0,0,0,0,0,0,0,0,17.1,0,0,19,0,0.6,0.6,15,1,0,0,0,1.4,0,0,1.7,0,6.7,0,0,0.4,7.4,3.1,0,74.5,0,0,0,0,0,0,0,0,0,0,0,0,0,0,0,0,0,0,0,0,0,0,0,0,0,0,0,0,0,0,0,0,0,0,0,0
03CAG2010B02,1169,Canada Gauge,CAG,-77.6136333,163.0522667,1/18/2010,2010,black,24.5814978,7.405145554,158136606,360.2,0,0,106,canada_huey,0,96,0,1.8,0,2,4.5,0,125,20,4,0,0,0,3,6.5,1,0,0,0,3.2,0,8.5,0,0,9,9,3.5,0,3,6,21.5,0,4,2,0,4.2,0,7,2,0,0,0,0,0,0,2.6,0,1.5,0,2.9,0,0,1,0,5.5,0,0,0,0,0,0,0,0,0,0,0,0,0,0,0,0,0,0,0,0,0,0,0,0,0,0,0,0,0,0,0,0,0,0,0,0
08DEG2012O01,983,Delta Gauge,DEG,-77.6532222,163.0996944,1/16/2012,2012,orange,5.594713656,7.137689861,65583054,515.9,0,0,107,delta_harnish_crescent_vg,0,0,0,0.2,0,0,0,0,5,0,3,0,0,24,30,75.2,88.7,0,4.2,18,11.2,0,1,0,4,42.7,28.8,0,15.2,31.2,0,38.6,0,0,15.5,0,0.6,1.5,0.2,0,0,0,0,0,0,0,54.2,0,6.6,1.8,0,0,2.7,1.2,0,7.7,0,2.9,0,0,0,0,0,0,0,0,0,0,0,0,0,0,0,0,0,0,0,0,0,0,0,0,0,0,0,0,0,0,0,0,0,0
06VGM2012O03,907,Von Guerard Middle,VGM,-77.613889,163.259444,1/11/2012,2012,orange,11.3215859,7.073964925,40636683,371.8,0,0,108,delta_harnish_crescent_vg,0,0,0,2,0,1,2,0,9,1,0,0,0,62,1.2,3,25,0,0,13.5,1,0,0,11,0,9,32,2,7,1,0,61.5,0,15.5,35,0,0,1,1,0,0,2,0,0,0,0,0,0,0,0,2.7,0,0,0.4,0,70,0,0,0,0,0,0,0,0,0,0,0,0,0,0,0,0,0,0,0,0,0,0,0,0,0,0,0,0,0,0,0,0,0,0,0,0
14LAG2010O01,1115,Lawson,LAG,-77.7203333,162.26705,1/8/2010,2010,orange,2.555066079,7.013067018,93969828,322.1,0,0,109,NA,0,0,0,0,0,0,0,0,16,0,0,0,0,33,0,1,19.5,0,0,0,0.2,0,0,21,0,9,74,10,15,52,0,63,0,0,5,0,1,2,0,0,0,0,0,0,0,0,0.4,0,0,0,0,0,0,0,0,0,0,0,0,0,0,0,0,0,0,0,0,0,0,0,0,0,0,0,0,0,0,0,0,0,0,0,0,0,0,0,0,0,0,0,0,0
12VGG2010O04,1099,Von Guerard Gauge,VGG,-77.6092258,163.2552989,1/27/2010,2010,orange,3.700440529,6.969502736,93741201,331,0,0,110,delta_harnish_crescent_vg,0,0,0,0,0,0,0.5,0,2,0,0,0,0,84,5.1,8,15,0,1,3,0.4,0,0,4,0,14.5,93.5,1,11.5,9,0,70,0,2,3,0,0,0,0,0,0,0,0,0,0,0,2,0,0,0,0,0,0,0,0,1.5,0,0,0,0,0,0,0,0,0,0,0,0,0,0,0,0,0,0,0,0,0,0,0,0,0,0,0,0,0,0,0,0,0,0,0,0
21AIK2012O03,902,Aiken,AIK,-77.601389,163.29238899999999,1/12/2012,2012,orange,5.814977974,6.84121871,171346374,324.8,0,0,111,NA,0,2,0,1,0,3,12.5,0,29,6,1,0,0,53,1.4,20,19,0,1,0,1.4,0,12,1,0,10,4,0,25,0,2,11,0,11,9,19,0.8,2.5,0,0,0,8,0,5.5,0,0,5.5,0,7.3,0,0,0,6.4,1,0,33.5,0,0,0,0,0,0,0,0,0,0,0,0,0,0,0,0,0,0,0,0,0,0,0,0,0,0,0,0,0,0,0,0,0,0,0,0
09GRN2008O15,839,Green Creek Gauge,GRN,NA,NA,1/7/2008,2008,orange,4.49339207,6.831100381,175385277,293.4,0,3,112,green_bowles,0,76.5,1.7,0,0,1.7,0.9,0,85.7,37.5,20.2,0,0,0,2.2,0.2,0,0,0,1,3.6,0,1.7,1,0,1,7.9,0,2,3,1.2,9.2,0,1,4.5,0,0.2,3.1,6.8,0,0,0.2,0,0,0,0,0.2,0,1.8,0.4,0,2.4,0,0.5,0,9.9,0,0,0,1.2,0,0,0,0,0,0,0,0,0,0,0,0,0,0,0,0,0,0,0,0,0,0,0,0,0,0,0,0,0,0,0,0
22CMN2010O01,1128,Commonwealth,CMN,-77.563611,163.382556,1/13/2010,2010,orange,1.718061674,6.594849912,199492038,302.5,0,0,113,NA,0,19,0,0,0,0,12.5,0,59.5,0,3,1,0,43,0,4,6.5,0,0,4,0,0,4.5,2,0,24.5,11,0,14,5,4,33.5,0,11,23,0,0,5,2.5,0,0,0,0,0,0,0,0,0,4,0,0,0,1,3,0,2,0,0,0,0,0,0,0,0,0,0,0,0,0,0,0,0,0,0,0,0,0,0,0,0,0,0,0,0,0,0,0,0,0,0,0,0
03CAG1995O01,599,Canada Gauge,CAG,-77.6,163.05,1/17/1995,1995,orange,9.146135998,6.554129981,41703516,281.7,0,3.6,114,canada_huey,0,94.3,0,0,0,0,1.9,0,38.5,18.7,4.9,0,0,0,8,4.2,1,0,1,7.7,4.1,0,4.7,1,0,7.9,12.2,0,2.2,0,7.5,4,0,0,1,0,2.4,8.7,16.6,0,0,0,0,1,0,0,2.5,0,1.5,0.6,2,0,0,0,0,18,0,0,0,0,0,0,0,0,0,0,0,0,0,0,0,0,0,0,0,0,0,0,0,0,0,0,0,0,0,0,0,0,0,0,0,0
22CMN2012B02,952,Commonwealth,CMN,-77.563611,163.382556,1/23/2012,2012,black,15.02202643,6.479169043,265935996,355.2,0,0,115,NA,0,11,0,0,0,0,3,0,122.5,0,2,0,0,2,4.2,9,7.5,0,0,2,2.8,0,15,2,0,8.5,17,0,0,0,0,22,0,44.5,32,8,1.8,15,2.5,4,0,3.2,0,0,0,0,0,0,1.1,0,0,0,3,3,0,6.6,0,0,0,0,0,0,0,0,0,0,0,0,0,0,0,0,0,0,0,0,0,0,0,0,0,0,0,0,0,0,0,0,0,0,0,0
18LAU2012B01,1038,Lawson Upstream,LAU,-77.7203611,162.2687778,1/23/2012,2012,black,18.54625551,6.43169301,217707372,319.5,0,0,116,NA,0,1,0,0,0,0,2,0,18.5,0,0,0,0,0,2.2,3.5,1,0,0,0.5,8.2,0,0,5,0,45.5,29,2,3.2,0,0,18.5,0,2.2,27.5,0,1.6,1,0,0,0,0,0,0,0,0,147.1,0,0,0,0,0,0,0,0,0,0,0,0,0,0,0,0,0,0,0,0,0,0,0,0,0,0,0,0,0,0,0,0,0,0,0,0,0,0,0,0,0,0,0,0,0
09GRN1997O01,114,Green creek above gage,GRN,-77.624,163.0583889,1/5/1997,1997,orange,0.308370044,6.386484639,66060342,336.4,0,0,117,green_bowles,0,14,0,0,0,1,5,0,34,6,6,0,0,0,0,21,31.5,0,12,10,0,0,3,0,0,11.1,11,0,1,0,0,76.1,0,22,19,3,0,6,4.5,0,0,0,0,0,0,0,2.6,0,0,0,0,0,5,1,0,30.6,0,0,0,0,0,0,0,0,0,0,0,0,0,0,0,0,0,0,0,0,0,0,0,0,0,0,0,0,0,0,0,0,0,0,0,0
08DEG2008O15,845,Delta Gauge,DEG,NA,NA,1/15/2008,2008,orange,6.740088106,6.241338786,33945444,432.8,0,1,118,delta_harnish_crescent_vg,0,0,0,0.5,0,0,0,0,0,0,1,0,0,319,0.8,9,1,0,0,1,1.4,0,0,0,0,14,23.2,0,3,16,3.7,23.5,0,3,6.5,0,0,0,0,0,0,0,0,0,0,0,0,0,2.1,0.2,0,0.5,2,0,0,0.2,0,0.2,0,0,0,0,0,0,0,0,0,0,0,0,0,0,0,0,0,0,0,0,0,0,0,0,0,0,0,0,0,0,0,0,0,0
03CAG2013O01,2259,Canada Gauge,CAG,-77.613241,163.052688,1/13/2013,2013,orange,19.60352423,6.240964758,202069188,406.7,0,0,119,canada_huey,0,181.3,1,0.2,0,0,1,0,58,35,43.4,0,0,0,3.8,3.5,1,0,0.7,0,0,0,11.2,2,0,2.4,0,1.1,1.5,3,0,13,0,5,0,0,0,3.6,14,5.4,0,0,0,1.7,0,0,1.7,0,2.1,0,1,4.8,0,0,0,3.1,0,0,0,0,0,0,0,0,0.7,0,0,0,0,0,0,0,0,0.5,0,0,0,0,0,0,0,0,0,0,0,0,0,0,0,0,0,0
08DEG1994B02,251,Delta Gauge,DEG,-77.6255,163.1108056,1/11/1994,1994,black,14.75770925,6.121527753,63311517,337.7,0,0,120,delta_harnish_crescent_vg,0,0,0,0,0,0,0,0,12,2,1,0,0,0,0,40.1,46.7,0,4,30.9,0,0,1,4,0,75.6,28,9,6,0,0,44,0,1,1,0,0,7.5,0,0,0,0,0,0,0,0,11.4,0,0,0,0,0,0,0,0,12.5,0,0,0,0,0,0,0,0,0,0,0,0,0,0,0,0,0,0,0,0,0,0,0,0,0,0,0,0,0,0,0,0,0,0,0,0
09GRN1997O02,110,Green creek above gage,GRN,-77.624,163.0583889,1/5/1997,1997,orange,2.246696035,5.972174136,66060342,313.6,0,2.6,121,green_bowles,0,37.2,0,0.2,0,1,0.7,0,27.5,20.2,4.5,0,0,0,4,11.5,3.2,0,9.4,11.1,3,0,0.2,5.2,0,9.4,26.1,1,3.7,9.1,1,39.6,0,0,17.5,1,0.2,15.3,10.8,0,0,0,0,0,0,0,0,0,0.4,0.4,0,0,0,0.5,0,36.1,0,0,0,0,0,0,0,0,0,0,0,0,0,0,0,0,0,0,0,0,0,0,0,0,0,0,0,0,0,0,0,0,0,0,0,0
09GRN2010O04,1126,Green,GRN,-77.6239914,163.0583922,1/14/2010,2010,orange,3.392070485,5.958811398,122636583,332.1,0,0,122,green_bowles,0,70,1,0,0,2,9.5,0,78,19.5,4.5,0,0,0,0,0,0,0,0,0,0,0,3,0,0,4,29.5,0,0,0,2,69.5,0,2,2,0,0,0,1.6,0,0,0,0,1,0,0,0,0,0.5,0,0,0,0,1,0,31.5,0,0,0,0,0,0,0,0,0,0,0,0,0,0,0,0,0,0,0,0,0,0,0,0,0,0,0,0,0,0,0,0,0,0,0,0
06VGM1994B03,260,Von Guerard Middle,VGM,-77.6193056,163.2884722,1/10/1994,1994,black,38.72246696,5.936429956,67707639,325.5,0,2.2,123,delta_harnish_crescent_vg,0,0,0,0.4,0,0,0,0,14,0,3,0,0,7,18.6,25,8.5,0,4.4,45.8,8.1,0,0,0,0,18.2,25,1.2,14.2,29.2,0,50.4,0,6,14.4,0,0.2,3.4,2,0,0,7.4,0,0,0,0,3.9,0,0.2,0.2,4,0.4,0,0.2,0,8,0,0,0,0,0,0,0,0,0,0,0,0,0,0,0,0,0,0,0,0,0,0,0,0,0,0,0,0,0,0,0,0,0,0,0,0
03CAG2007B04,821,Canada Gauge,CAG,-77.6,163.05,12/27/2006,2007,black,41.23348018,5.870932699,118209789,345.9,0,0,124,canada_huey,0,104.4,0,0,0,0,1.5,0,93.5,10.5,12.5,0,0,0,0,9.7,3.7,0,0,2,0,0,11,2,0,18,11.5,0,0,1,3,31.5,0,3,3,0,0,6,5.2,0,0,0,0,0,0,0,0.7,0,0,0,6.7,0,0.5,2.5,0,2.5,0,0,0,0,0,0,0,0,0,0,0,0,0,0,0,0,0,0,0,0,0,0,0,0,0,0,0,0,0,0,0,0,0,0,0,0
18LAU2012O02,1031,Lawson Upstream,LAU,-77.7203611,162.2687778,1/23/2012,2012,orange,7.400881057,5.725696158,217707372,328.4,0,0.2,125,NA,0,0,0,0,0,0,0,0,4,0,0,0,0,0,0,1,0,0,0,0,7.2,0,0,2,0,0,110.5,0,6,0,0,177.5,0,0,10,0,0,10,0,0,0,0,0,0,0,0,0,0,0,0,0,0,0,0,0,0,0,0,0,0,0,0,0,0,0,0,0,0,0,0,0,0,0,0,0,0,0,0,0,0,0,0,0,0,0,0,0,0,0,0,0,0
21AIK2012O02,901,Aiken,AIK,-77.601528,163.290889,1/12/2012,2012,orange,3.480176211,5.599905565,171346374,383,0,0,126,NA,0,3,0,0,0,34,24.5,0,56.5,33,1,0,0,0,0.8,7,18.5,0,0,37,0.2,0,9,2,0,8,4,2,11,0,5,15,0,0,2,14,1,0,4,0,0,38,0,4,0,0,0.2,0,8.7,0,0,0,10.5,3,0,26.1,0,0,0,0,0,0,0,0,0,0,0,0,0,0,0,0,0,0,0,0,0,0,0,0,0,0,0,0,0,0,0,0,0,0,0,0
09GRN2012O01,1018,Green,GRN,-77.624,163.0583889,1/17/2012,2012,orange,6.916299559,5.574411119,188084331,240.3,0,0,127,green_bowles,0,0,0,0,0,0,9,0,0,0,0,0,0,1,10.6,5.7,5.7,0,5.2,12,4.2,0,3,0,6,2.7,62.8,0,0.9,1,0,29,0,0,3,2,0.4,0.4,9.1,0,0,0.4,0,0,0,0,0.5,0,3.3,4.9,0,0,0,8.4,0,49.1,0,0,0,0,0,0,0,0,0,0,0,0,0,0,0,0,0,0,0,0,0,0,0,0,0,0,0,0,0,0,0,0,0,0,0,0
03CAG2012B02,1011,Canada Gauge,CAG,-77.613241,163.052688,1/18/2012,2012,black,14.53744493,5.523982772,299214288,351.1,0,0,128,canada_huey,0,109,0,0.7,0,1,4,0,94,26.5,0,2,0,0,14,5.7,2,0,0,1,5.2,0,7.5,0,0,3.5,7,0,1,1,0,21.5,0,1,8,4,6.6,3,4,1.5,0,0,0,0,0,0,0.9,0,0.2,0,12,0,0.5,0,0,2.8,0,0,0,0,0,0,0,0,0,0,0,0,0,0,0,0,0,0,0,0,0,0,0,0,0,0,0,0,0,0,0,0,0,0,0,0
18LAU2012O01,1030,Lawson Upstream,LAU,-77.7203611,162.2687778,1/23/2012,2012,orange,7.224669604,5.372697733,217707372,320.1,0,0,129,NA,0,0,0,0,0,0,0,8,6,0,9,0,0,0,0.4,0,0.2,0,0,8.7,13.4,0,0,0,0,0,140.7,0,3,4,0,68.9,0,0,18,0,0,20.8,0,0,1,0,0,0,0,0,11.6,0,0,0.2,0,0,0,6.2,0,0,0,0,0,0,0,0,0,0,0,0,0,0,0,0,0,0,0,0,0,0,0,0,0,0,0,0,0,0,0,0,0,0,0,0,0,0
18LAU2012B04,1041,Lawson Upstream,LAU,-77.7203611,162.2687778,1/23/2012,2012,black,21.05726872,5.322269386,217707372,338.3,0,0,130,NA,0,0,0,0,0,0,0,0,25,0,0,0,0,2,2.4,2,0,0,0,1,42,0,0,12.5,0,138,39,1,23.5,0,0,31.5,0,0,3,0,2.4,13,0,0,0,0,0,0,0,0,0,0,0,0,0,0,0,0,0,0,0,0,0,0,0,0,0,0,0,0,0,0,0,0,0,0,0,0,0,0,0,0,0,0,0,0,0,0,0,0,0,0,0,0,0,0
03CAG2012O04,1005,Canada Gauge,CAG,-77.613241,163.052688,1/18/2012,2012,orange,9.779735683,5.27184104,299214288,335.8,0,0,131,canada_huey,0,182.1,3,0,0,1.5,10.5,0,77.5,12,0,0,0,0,1.4,0,1,0,0,0,3.8,0,4.5,0,0,1,2,0,0,0,0,13,0,0,12,0,0.8,0.5,2.1,1,0,0,0,0,0,0,0.9,0,0.2,0,0.5,0,2.1,1,0,1.4,0,0,0,0,0,0,0,0,0,0,0,0,0,0,0,0,0,0,0,0,0,0,0,0,0,0,0,0,0,0,0,0,0,0,0,0
21AIK2012O01,900,Aiken,AIK,-77.601722,163.289833,1/12/2012,2012,orange,4.977973568,5.082691754,171346374,346.6,0,0,132,NA,0,2,0,2,0,14.7,30,0,30,19.5,0,0,0,11,3.2,19,9.5,0,1,0.5,1,0,5,0,0,8,2,0,11,1,3,9,0,5,10,46,1.4,4.5,10.5,0,0,35.5,0,1.7,0,0,4.2,0,9.1,0,0,0,3.2,6.7,0,26.4,0,0,0,0,0,0,0,0,0,0,0,0,0,0,0,0,0,0,0,0,0,0,0,0,0,0,0,0,0,0,0,0,0,0,0,0
03CAG2013B03,2252,Canada Gauge,CAG,-77.613241,163.052688,1/13/2013,2013,black,11.71806167,4.962198238,202069188,431.9,0,0,133,canada_huey,0,127.1,0,0.5,0,0,6.5,0,83.9,24.5,52,0,0,0,11,3.8,2.1,0,1.1,2.1,2.8,1,4.4,10.5,0,4.3,0,0.2,0.5,5.9,0,17,0,4,0,3,0,6.2,20.7,6,0,2.4,0,1.2,0,0,2.6,0,0.9,0,3.9,3.5,0,0,0,3.3,0,0,1,0,0,0,0,0,0,0,0,0,0,0,0,0,0,11.5,0,0,0,0,0,0,0,0,0,0,0,0,0,0,0,0,0,0.5
09GRN2012O02,1019,Green,GRN,-77.624,163.0583889,1/17/2012,2012,orange,7.444933921,4.918842614,188084331,352.6,0,0,134,green_bowles,0,29,2,0,0,2,6,0,41.5,7,0,0,0,43,2.6,1.5,28.5,0,3,5.2,2,0,3,3,0,4,33,1.5,0,2,0,21,0,0,10,0,1.4,3,18.5,3,0,0,0,1,0,0,0,0,2.9,0,0,0,2.2,0.5,0,69.3,0,0,0,0,0,0,0,0,0,0,0,0,0,0,0,0,0,0,0,0,0,0,0,0,0,0,0,0,0,0,0,0,0,0,0,0
08DEG2010O03,1148,Delta Gauge,DEG,-77.6531944,163.0995833,1/21/2010,2010,orange,1.40969163,4.895842922,21715029,331.2,0,0,135,delta_harnish_crescent_vg,0,0,0,0,0,0,1,0,0,0,1,0,0,237,1,2,3.5,0,0,0,1,0,0,7.5,0,1.5,14,1,12,3,0,28,0,0,8,0,0,0,0,0,0,0,0,0,0,0,4.5,0,0.2,0,0,0,0.5,0,0,4.5,0,0,0,0,0,0,0,0,0,0,0,0,0,0,0,0,0,0,0,0,0,0,0,0,0,0,0,0,0,0,0,0,0,0,0,0
08DEG2012O04,986,Delta Gauge,DEG,-77.6532222,163.0996944,1/16/2012,2012,orange,4.537444934,4.817985921,65583054,342,0,0,136,delta_harnish_crescent_vg,0.4,0,0,0,0,0,0,0,3,1,0,0,0,5,4.2,57,45,0,0,3,0.4,0,0,5,0,20,50,3,13,16,0,22,0,0,8,0,0,0,0,0,0,0,0,2,0,0,45.9,0,2.6,0,0,0,1.5,0,0,34,0,0,0,0,0,0,0,0,0,0,0,0,0,0,0,0,0,0,0,0,0,0,0,0,0,0,0,0,0,0,0,0,0,0,0,0
09GRN2013O04,2317,Green,GRN,-77.624,163.0583889,1/15/2013,2013,orange,3.215859031,4.655294273,267335793,307.4,0,0,137,green_bowles,0,51.8,2.7,0,0,1,7.5,7.3,40.9,11,6.7,0,0,0,3,9.2,0,0,0,4.4,1.2,0,1.7,2.7,0,1.5,1,0.5,0,0,0,44.4,0,0.5,11.5,0,1.2,5,7.1,0,0,0,0,0.7,0,0,1.2,0,6.4,0,0,3.3,0,0,0,72,0,0,0,0,0,0,0,0,0,0,0,0,0,0,0,0,0,0,0,0,0,0,0,0,0,0,0,0,0,0,0,0,0,0,0,0
08DEG2003O01,569,Delta Gauge,DEG,-77.6532222,163.0996944,1/9/2003,2003,orange,1.4,4.556,27726867,288.25,0,0,138,delta_harnish_crescent_vg,0,0,0,4.75,0,0,0,0,3,1,5.75,0,0,0,9,4.5,44,0,0.5,16.5,5.75,0,0,10,0,27.5,37.5,2.75,9.25,4.25,18,30.5,0,0,0,0,0,6,0.25,0,0,0,0,0.5,0,0,41,0,0.5,0,0,0,0,1,0,4.5,0,0,0,0,0,0,0,0,0,0,0,0,0,0,0,0,0,0,0,0,0,0,0,0,0,0,0,0,0,0,0,0,0,0,0,0
13PRS2010O01,1108,Priscu,PRS,-77.69686,162.5397889,1/15/2010,2010,orange,2.246696035,4.533927572,22505445,326.1,0,0,139,NA,0,31,0,0,0,0,8,0,6,0,1,0,0,84,0.8,7,27,0,0,0,0.4,0,3.5,2,0,3,8,3,3,9,0,13.5,0,2,15,0,0,3,1,0,0,0,0,4,0,0,85.4,0,1,0,0,0,1.5,1,0,2,0,0,0,0,0,0,0,0,0,0,0,0,0,0,0,0,0,0,0,0,0,0,0,0,0,0,0,0,0,0,0,0,0,0,0,0
22CMN2012O03,947,Commonwealth,CMN,-77.563611,163.382556,1/23/2012,2012,orange,3.348017621,4.358592419,265935996,366.6,0,0,140,NA,0,36.5,0,0.2,0,0,6,0,141.5,0,0,0,0,3,0.6,6,2,0,1,0,1.6,0,14,0,0,35,9,0,10,0,0,44,0,2,2,2,0.8,6,3.2,1.2,0,4.2,0,2,0,0,1,0,3.8,0,0,0,7,4.5,0,16.5,0,0,0,0,0,0,0,0,0,0,0,0,0,0,0,0,0,0,0,0,0,0,0,0,0,0,0,0,0,0,0,0,0,0,0,0
12VGG2007B02,701,Von Guerard Gauge,VGG,-77.609167,163.254167,1/8/2007,2007,black,11.3215859,4.258190518,43067538,251.7,0,0.8,141,delta_harnish_crescent_vg,1.1,0.2,0,0,0,0,2,1,50,4,10,0,0,0,18,0,13,17.2,3.2,36.1,3.7,0,0,4,0,11,4,3.5,4.5,11,3,10.5,0,3,5,0,0,2,1,0,0,1,0,0,0,0,1.2,0,0.2,3,0,0,0,11.6,5.2,6.7,0,0,0,0,0,0,0,0,0,0,0,0,0,0,0,0,0,0,0,0,0,0,0,0,0,0,0,0,0,0,0,0,0,0,0,0
04CAD2003O01,507,Canada Delta,CAD,-77.6,163.0666667,1/7/2003,2003,orange,5.02,4.24,120710421,278.25,0,0,142,canada_huey,0,52.75,0,0,0,0,0,0,21,5,57.5,0,0,0,0.5,8,0.5,0,0.25,1.25,0,0,3.5,0.5,0,3.75,29,3.75,1.5,33.5,9,0,0,0,2,0,0,1.75,5.5,0,0,0.25,0,0,2,0,1.75,0,0,0,13.5,0,0,1.5,0,18.75,0,0,0,0,0,0,0,0,0,0,0,0,0,0,0,0,0,0,0,0,0,0,0,0,0,0,0,0,0,0,0,0,0,0,0,0
07DEU2003O04,501,Delta Upper,DEU,-77.65,163.0833333,1/10/2003,2003,orange,8.6,4.214,27726867,230.5,0,0,143,delta_harnish_crescent_vg,0,3,0,1.25,0,0,0,0,0,12,12,0,0,0,1.5,1,4,0,1,17.5,0,0,0,5.25,0,18.5,25.5,2,0,30.5,17,56.5,0,0,0,0,0,0,5,0,0,0,0,1,0,0,1.5,0,0,0,14.5,0,0,0,0,0,0,0,0,0,0,0,0,0,0,0,0,0,0,0,0,0,0,0,0,0,0,0,0,0,0,0,0,0,0,0,0,0,0,0,0,0
09GRN2013O05,2318,Green,GRN,-77.624,163.0583889,1/15/2013,2013,orange,8.193832599,4.092637004,267335793,482.1,0,0,144,green_bowles,0,4.4,0,0,0,0,1,2.8,20.1,14,3.5,0,0,380,0.6,5.7,1.5,0,0,2,1,0,0,1,0,0,0,0,0,0,0,21.9,0,0,5.5,0,0.4,0,2.2,0,0.2,0,0,0,0,0,3,0,1.2,0,0,0,0,0,0,10.1,0,0,0,0,0,0,0,0,0,0,0,0,0,0,0,0,0,0,0,0,0,0,0,0,0,0,0,0,0,0,0,0,0,0,0,0
09GRN1994O02,180,Green,GRN,-77.624,163.0583889,1/12/1994,1994,orange,33.65638767,3.994370044,58251123,266.7,0,0.6,145,green_bowles,0,12,0,0,0,1,3,0,14,5,3,0,0,2,0.8,0,1,0,0,4,0.2,0,1,0,0,8.5,75.2,0,0,13,0,71.5,0,0,4,0,0,0,8,0,0,0,0,0,0,0,0.4,0,5.5,0.2,0,0.7,0,3,0,26.9,0,0.2,0,2,0,0,0,0,0,0,0,0,0,0,0,0,0,0,0,0,0,0,0,0,0,0,0,0,0,0,0,0,0,0,0,0
09GRN2013O03,2316,Green,GRN,-77.624,163.0583889,1/15/2013,2013,orange,6.784140969,3.990335683,267335793,325.4,0,0,146,green_bowles,0,38.2,0,0,0,2.5,7.5,13.2,32.1,13,11.7,0,0,3,2,8,2,0,1,10,4.2,0,7.9,0.7,0,0.2,2.7,0.5,0,0,0,69.1,0,0,8,0,2.2,3.2,9.4,0,0.2,0,0,0.9,0,0,0.2,0,2.2,0,0,0.8,0,0,0,68.6,0,0,0,0,0,0,0,0.2,0,0,0,0,0,0,0,0,0,0,0,0,0,0,0,0,0,0,0,0,0,0,0,0,0,0,0,0
12VGG1994O05,442,Von Guerard Gauge,VGG,-77.6,163.25,1/15/1994,1994,orange,12.86343612,3.859682819,67707639,292,0,2.4,147,delta_harnish_crescent_vg,0,0,0,0.7,0,0,0,0,2,0,2,0,0,10,4.8,31.8,9,0,5.4,31.4,3,0,1,3.2,0,33.5,24,5.7,13.5,21.5,0,25.5,0,2,9,0,0,3.2,1,0,0,2.2,0,0.5,0,0,21.3,0,0.9,0.4,0.4,0,0,0,0,19.7,0,0,0,1,0,0,0,0,0,0,0,0,0,0,0,0,0,0,0,0,0,0,0,0,0,0,0,0,0,0,0,0,0,0,0,0
06VGM2003O03,505,Von Guerard Middle,VGM,-77.6,163.25,1/3/2003,2003,orange,4.79,3.767,12086892,273.1,0,0.6,148,delta_harnish_crescent_vg,0,0,0,4,0,0,0.5,0,1,2,4,0,0,41,2.2,23.9,9.4,0,2.7,11.9,0.2,0,0,0.5,0,48.4,13.9,1.5,11.1,22.7,7,19.5,0,9.5,2,0,0,4.4,2,0,0,4.5,0,0,0,0,13.5,0,0,0,0,0,0,2.2,0,7,0,0,0,0,0,0,0,0,0,0,0,0,0,0,0,0,0,0,0,0,0,0,0,0,0,0,0,0,0,0,0,0,0,0,0,0
03CAG2010O04,1165,Canada Gauge,CAG,-77.6136333,163.0522667,1/18/2010,2010,orange,3.083700441,3.748984796,158136606,335.8,0,0,149,canada_huey,0,192.5,1,0,0,0,6,0,70.5,1,4,0,0,0,0.6,0,2,0,0,0.5,1.2,0,2,1,0,4,3,0,0,0,0,8.5,0,3,28,0,1,0,0,0,0,0,0,0.5,0,0,0.5,0,0.5,0,0,0,0,2.5,0,2,0,0,0,0,0,0,0,0,0,0,0,0,0,0,0,0,0,0,0,0,0,0,0,0,0,0,0,0,0,0,0,0,0,0,0,0
03CAG2010O02,1170,Canada Gauge,CAG,-77.6136333,163.0522667,1/18/2010,2010,orange,8.370044053,3.639261613,158136606,323,0,0,150,canada_huey,0,166,0,0,0,0,6,0,86,5,2,1,0,0,1,0,1,0,0,0,2,0,3,2,0,2,3,0,0,1,3,8.5,0,3,19,0,1,1,2,0,0,0,0,0,0,0,0.2,0,0.6,0,0.2,0,0,1,0,2.5,0,0,0,0,0,0,0,0,0,0,0,0,0,0,0,0,0,0,0,0,0,0,0,0,0,0,0,0,0,0,0,0,0,0,0,0
09GRN2010O03,1125,Green,GRN,-77.6239914,163.0583922,1/14/2010,2010,orange,4.273127753,3.605500633,122636583,335,0,0,151,green_bowles,0,79,3,0,0,5,8.5,0,94.5,20,10,0,0,0,0,3,0,0,0,4.4,0,0,1,0,0,0,19,0,1,0,2,23,0,2,23,0,0,0,6.6,0,0,0,0,0,0,0,0,0,0.5,0,0,0,0.5,1,0,28,0,0,0,0,0,0,0,0,0,0,0,0,0,0,0,0,0,0,0,0,0,0,0,0,0,0,0,0,0,0,0,0,0,0,0,0
03CAG2003O01,516,Canada Gauge,CAG,-77.6,163.05,1/7/2003,2003,orange,5.46,3.583,120710421,284.75,0,0,152,canada_huey,0,101,1,0,0,2,0,0,15,40.5,58,2,0,0,3,0.75,0.25,0,0.25,1,0,0,4,1,0,3,5.5,2.5,0,25,1,0,0,0,0,0,0,2.75,5.5,0,0,0,0,0.5,2,0,1.25,0,0,0,0.25,0,0,2.75,0,3,0,0,0,0,0,0,0,0,0,0,0,0,0,0,0,0,0,0,0,0,0,0,0,0,0,0,0,0,0,0,0,0,0,0,0,0
22CMN2012B01,951,Commonwealth,CMN,-77.563611,163.382556,1/23/2012,2012,black,6.916299559,3.531050322,265935996,325,0,0,153,NA,0,14,0,0.2,0,0,1,0,137,0,0,0,0,1,2.8,12,2,0,0,1,0.6,0,14,0,0,24,3.5,0,6.5,0,2,34,0,0,6,3,1.4,5.5,18.5,14,0,15,0,0,0,0,3,0,0,0,0,0,0,1,0,2,0,0,0,0,0,0,0,0,0,0,0,0,0,0,0,0,0,0,0,0,0,0,0,0,0,0,0,0,0,0,0,0,0,0,0,0
03CAG2001O03,588,Canada Gauge,CAG,-77.6,163.05,1/18/2001,2001,orange,7.31277533,3.505110132,93661740,293.1,0,6,154,canada_huey,0.4,74.1,1.7,0,0,4.1,3,0,32,31.7,8,0,0,0,29.2,3.7,15.2,0,0,2.6,9.4,0,0,0.6,0,8.9,2.4,0.2,0,11.1,0,4,0.9,0.5,5,0,2,6.6,6.6,0,0,2.4,0,0,0,0,3.8,0,1.1,0.4,5,0,0,2,0,1.6,0,0,0,0,0,0,0,6.9,0,0,0,0,0,0,0,0,0,0,0,0,0,0,0,0,0,0,0,0,0,0,0,0,0,0,0,0
22CMN2012O04,948,Commonwealth,CMN,-77.563611,163.382556,1/23/2012,2012,orange,2.555066079,3.298304108,265935996,351.9,0,0,155,NA,0,18,0,0.2,0,0,11,0,127,0,0,0,0,2,0.8,5,1.5,0,0,0,1.8,0,11.5,1,0,38.5,22.5,0,6,1,0,37,0,2,5,0,1.6,18,1.7,0,0,8.7,0,3,0,0,0,0,4.6,0,0,0,4.5,3,0,15,0,0,0,0,0,0,0,0,0,0,0,0,0,0,0,0,0,0,0,0,0,0,0,0,0,0,0,0,0,0,0,0,0,0,0,0
06VGM2003O04,506,Von Guerard Middle,VGM,-77.6,163.25,1/3/2003,2003,orange,5.67,3.248,12086892,253.75,0,0.25,156,delta_harnish_crescent_vg,0,0,0,0,0,0,0,0,0,1,9,0,0,0,18,11.25,37.5,0,2.5,23.5,0,0,0,8.25,0,29,24.5,0,11,49.5,12,0,0,0,0,0,0,3.5,5,0,0,2,0,0,0,0,1,0,0,0,0,0,0,0,0,5,0,0,0,0,0,0,0,0,0,0,0,0,0,0,0,0,0,0,0,0,0,0,0,0,0,0,0,0,0,0,0,0,0,0,0,0
22CMN2010O04,1127,Commonwealth,CMN,-77.563611,163.382556,1/13/2010,2010,orange,2.158590308,3.234129858,199492038,337.4,0,0,157,NA,0,15,0,0,0,0,12.5,0,61,0,2,0,0,64,0,0,0.5,0,0,3,0,0,3.5,2,0,34,7,0,8,1,2,64.5,0,5,31,0,0,5,0.5,0,0,3.2,0,2,0,0,0,0,3.5,0,0,0,2,3,0,2.2,0,0,0,0,0,0,0,0,0,0,0,0,0,0,0,0,0,0,0,0,0,0,0,0,0,0,0,0,0,0,0,0,0,0,0,0
06VGM2007O03,709,Von Guerard Lower,VGM,-77.619444,163.287778,1/12/2007,2007,orange,6.519823789,3.227760892,43067538,255,0,0.2,158,delta_harnish_crescent_vg,0,0,0,2,0,0,2,0,3,0,0,0,0,3,0.2,7,21,0,12.2,8.5,0.2,0,0,3,0,26,18.5,0,9,21,0,65,0,0,9,7,0,0,2,0,0,5,0,2.5,0,0,9.7,0,0,0,0,0,0,0,0,18,0,0,0,0,0,0,0,0,0,0,0,0,0,0,0,0,0,0,0,0,0,0,0,0,0,0,0,0,0,0,0,0,0,0,0,0
08DEG2012O02,984,Delta Gauge,DEG,-77.6532222,163.0996944,1/16/2012,2012,orange,5.022026432,3.219407336,65583054,332.5,0,0,159,delta_harnish_crescent_vg,0,0,0,0,0,0,2,0,1,2,0,0,0,46,2.2,24,45.5,0,0,1.5,4.2,0,0,12,0,20.5,33.5,0,25,13,0,46.5,0,7,34,0,0,0,0,0,0,0,0,0,0,0,2.8,0,1.1,0,0,0,1,0,0,7.7,0,0,0,0,0,0,0,0,0,0,0,0,0,0,0,0,0,0,0,0,0,0,0,0,0,0,0,0,0,0,0,0,0,0,0,0
06VGM2007O04,710,Von Guerard Lower,VGM,-77.619444,163.287778,1/12/2007,2007,orange,4.669603524,3.020077402,43067538,279.2,0,1.8,160,delta_harnish_crescent_vg,0,0,0,0,0,0,1,0,6,0,10,0,0,0,6,22.3,41.5,0,12.3,7.1,0,0,0,1.9,1.5,15.3,11.6,3.5,8.5,7.5,6,48,0,1,0,0,0,11.5,0.6,0,0,4.7,0,0,0,0,10.7,0,0,0,3.5,0,0,1.5,0,25.2,0,0,0,0,0,0,0,8.7,0,0,0,0,0,0,0,0,0,0,0,0,0,0,0,0,0,0,0,0,0,0,0,0,0,0,0,0
13PRS2010O03,1112,Priscu,PRS,-77.69686,162.5397889,1/15/2010,2010,orange,1.585903084,2.964042021,22505445,307.9,0,0,161,NA,0,12,0,0,0,0,3,0,1,0,1,0,0,253,0.6,2,0,0,0,0,0.4,0,0,0,0,0,4,0,2,2,0,5,0,0,7,0,0,0,0,0,0,0,0,0,0,0,11.9,0,0,0,0,0,0,0,0,3,0,0,0,0,0,0,0,0,0,0,0,0,0,0,0,0,0,0,0,0,0,0,0,0,0,0,0,0,0,0,0,0,0,0,0,0
03CAG2008O14,732,Canada Gauge,CAG,-77.6,163.05,1/1/2008,2008,orange,5.418502203,2.899356417,237549708,314.6,0,1.2,162,canada_huey,0,138.1,5.7,0,0,0.2,1.2,0,69.4,1,9.9,0,0,0,6.8,4.1,0,0,0,0.2,4.2,0,5.4,0,0,2,3.8,0,0,3,0,6.9,0.2,3.5,16.2,0,2.2,7.1,11.1,0,0,0.2,0,0,0,0,1.4,0,2.1,0.2,0.2,2,0,0,2,2.4,0,0,0,0,0,0,0,0.7,0,0,0,0,0,0,0,0,0,0,0,0,0,0,0,0,0,0,0,0,0,0,0,0,0,0,0,0
22CMN2012O02,946,Commonwealth,CMN,-77.563611,163.382556,1/23/2012,2012,orange,5.77092511,2.858672369,265935996,348.2,0,0,163,NA,0,25,0,0,0,0,14.5,0,77,0,0,0,0,18,0.6,12,48.5,0,0,13,1,0,3,1,0,20.5,3,0,12,0,3,36,0,6,12,0,1,9.5,5.5,3,0,3,0,7,0,0,0,0,3.9,0,0,0,1,3,0,5.2,0,0,0,0,0,0,0,0,0,0,0,0,0,0,0,0,0,0,0,0,0,0,0,0,0,0,0,0,0,0,0,0,0,0,0,0
12VGG1997O02,161,Von Guerard Gauge,VGG,-77.6092222,163.1108056,1/15/1997,1997,orange,2.68722467,2.85553174,4592502,337.4,0,0,164,delta_harnish_crescent_vg,0,0,0,0,0,0,0,0,8,1,0,0,0,7,0,12,32,0,0,55.2,0,0,0,7,3,28,26,0,49,5,0,47,0,4.5,13,0,0,3,2,0,0,1,0,0.5,0,0,2.7,0,0,0,0,0,0,0,0,30.5,0,0,0,0,0,0,0,0,0,0,0,0,0,0,0,0,0,0,0,0,0,0,0,0,0,0,0,0,0,0,0,0,0,0,0,0
21AIK2012O04,903,Aiken,AIK,-77.600694,163.292417,1/12/2012,2012,orange,1.718061674,2.755229606,171346374,311.1,0,0,165,NA,0,0,0,0,0,2,167,0,3,0,0,0,0,68,0,0,1,0,0,0,0,0,0,0,0,0,0,0,0,0,0,2,0,20,4,36,0.2,0,0,0,0,4,0,0,0,0,0,0,0,0,0,0,0,0,0,3.9,0,0,0,0,0,0,0,0,0,0,0,0,0,0,0,0,0,0,0,0,0,0,0,0,0,0,0,0,0,0,0,0,0,0,0,0
12VGG2003O05,478,Von Guerard Gauge,VGG,-77.6,163.25,1/2/2003,2003,orange,4.3,2.722,12086892,265.5,0,1,166,delta_harnish_crescent_vg,0,0,0,7.25,0,0,0,0,0,0,4.5,0,0,0,20.5,27,31.5,0,8,9.5,0,0,2,3.5,0,13.5,52,10,4.5,38,9,0,0,0,0,0,0,3,0.5,0,0,12.75,0,0,1,0,0,0,0,0,1,0,0,0,0,5.5,0,0,0,0,0,0,0,0,0,0,0,0,0,0,0,0,0,0,0,0,0,0,0,0,0,0,0,0,0,0,0,0,0,0,0,0
13PRS2010O02,1109,Priscu,PRS,-77.69686,162.5397889,1/15/2010,2010,orange,0.484581498,2.719274919,22505445,321.2,0,0,167,NA,0,13.5,0,0,0,0,8,0,2,0.5,0,0,0,241,0,0,0,0,0,1,0,0,0,0,0,3,3,1,0,7.5,0,5,0,0,24,0,0,2,0,0,0,0,0,0,0,0,7.7,0,0,0,0,0,0,0,0,2,0,0,0,0,0,0,0,0,0,0,0,0,0,0,0,0,0,0,0,0,0,0,0,0,0,0,0,0,0,0,0,0,0,0,0,0
06VGM2007O01,707,Von Guerard Lower,VGM,-77.619444,163.287778,1/12/2007,2007,orange,6.431718062,2.668613034,43067538,248.1,0,0.8,168,delta_harnish_crescent_vg,0,0,0,0.2,0,1,1,0,2.5,2,8,1,0,1,0,9,3.6,0,5.4,11.7,4,0,0,4,6,10,14,0,16,31,21,50,0,0,2,0,0,0.5,0,0,0,0,0,0.7,1,0,0,0,0,0,0,0,0,0,0,38.7,0,0,0,0,0,0,0,2,0,0,0,0,0,0,0,0,0,0,0,0,0,0,0,0,0,0,0,0,0,0,0,0,0,0,0,0
06VGM2010O02,1137,Von Guerard Lower,VGM,-77.6193008,163.2884794,1/11/2010,2010,orange,0.925110132,2.66574287,93741201,338,0,0,169,delta_harnish_crescent_vg,0,0,0,0,0,0,8,0,3,3,0,0,0,29,0,24,37.5,0,0,19,0,0,0,32,0,12,30,3,18,1,0,41,0,3,38,0,0,0,4,0,0,0,0,0,0,0,11.5,0,0,0,0,0,0,0,0,21,0,0,0,0,0,0,0,0,0,0,0,0,0,0,0,0,0,0,0,0,0,0,0,0,0,0,0,0,0,0,0,0,0,0,0,0
12VGG2003O04,477,Von Guerard Gauge,VGG,-77.6,163.25,1/2/2003,2003,orange,4.2,2.65,12086892,265.6,0,2,170,delta_harnish_crescent_vg,0,0.5,0,6,0,0,0,0,0,1,7,0,0,0,22.5,16.5,24,0,12.5,8,0,0,1,5,0,23,51.5,3.7,4.2,26.5,29,0,0,0,0,0,0,2.2,0,2,0,4.5,0,3,0,0,1,0,1,0,3.5,0,0,1,0,3.5,0,0,0,0,0,0,0,0,0,0,0,0,0,0,0,0,0,0,0,0,0,0,0,0,0,0,0,0,0,0,0,0,0,0,0,0
22CMN2012O01,945,Commonwealth,CMN,-77.563611,163.382556,1/23/2012,2012,orange,7.004405286,2.625926154,265935996,340.5,0,0,171,NA,0,15,0,0.7,0,0,15.5,0,89.5,0,2,0,0,23,1.6,22,15,0,0,0,3.4,0,14,0,0,26,9,0,2,1,0.5,33.7,0,2,5,5,3.4,7,4.5,3.5,0,3.7,0,2.4,0,0,0,0,6.9,0,0,0,1,10.2,0,12,0,0,0,0,0,0,0,0,0,0,0,0,0,0,0,0,0,0,0,0,0,0,0,0,0,0,0,0,0,0,0,0,0,0,0,0
03CAG2003O04,519,Canada Gauge,CAG,-77.6,163.05,1/7/2003,2003,orange,4.01,2.604,120710421,320.7,0,4.8,172,canada_huey,0,90.7,1,0.2,0,2,3,0,88.7,5,9,0,0,0,4.6,9.8,0,0,1.1,2.2,7,0,1.7,1.5,0,9.9,12.8,0.5,2.9,13.2,3.5,12.6,0,0,6,0,0,5.6,4.9,1,0,0,0,1.8,0,0,1.5,0,0.4,1.2,3.6,0.5,0,0.5,0,2,0,0,0,4,0,0,0,0,0,0,0,0,0,0,0,0,0,0,0,0,0,0,0,0,0,0,0,0,0,0,0,0,0,0,0,0
08DEG2003O04,572,Delta Gauge,DEG,-77.6532222,163.0996944,1/9/2003,2003,orange,2.5,2.499,27726867,258,0,0,173,delta_harnish_crescent_vg,0,0,0,0.5,0,0,0,0,0,6,3,0,0,0,5,7,31.5,0,1.5,2.5,1.75,0,1,6,0,28.5,48.25,5,6.5,2.5,18,57,0,0,0,0,0,2,1,1,0,0,0,0,0,0,10,0,1,0,0,0,0,1.75,0,9.75,0,0,0,0,0,0,0,0,0,0,0,0,0,0,0,0,0,0,0,0,0,0,0,0,0,0,0,0,0,0,0,0,0,0,0,0
21AIK2007O03,652,Aiken,AIK,NA,NA,1/2/2007,2007,orange,3.964757709,2.4689173699999998,91310958,328.5,0,0,174,NA,0.5,2,0,0,0,2,12,0,19,8,4,0,0,0,0,32,19.5,0,1,6,0,0,0,0,1,9,5,0,8,1,5,36,0,11,4,0,0,3,2,0,0,9,0,1,0,0,59.5,0,0,0,0,0,9,0,0,59,0,0,0,0,0,0,0,0,0,0,0,0,0,0,0,0,0,0,0,0,0,0,0,0,0,0,0,0,0,0,0,0,0,0,0,0
07DEU2003O05,502,Delta Upper,DEU,-77.65,163.0833333,1/10/2003,2003,orange,4.1,2.236,27726867,236.75,0,0,175,delta_harnish_crescent_vg,0,5,0,8.75,0,0.5,0,0,0,16,2,0,0,0,7,8.25,8,0,0.5,1,0,0,1,3.25,0,20.25,25.5,9,5.5,28.5,29.5,44,0,0,0,0,0,0.5,0,0,0,0,0,2.25,0,0,2,0,1.5,0,0,0,0,2,0,5,0,0,0,0,0,0,0,0,0,0,0,0,0,0,0,0,0,0,0,0,0,0,0,0,0,0,0,0,0,0,0,0,0,0,0,0
13PRS2010O04,1114,Priscu,PRS,-77.69686,162.5397889,1/15/2010,2010,orange,1.938325991,2.136898022,22505445,311.3,0,0,176,NA,0,30,0,0,0,0,2,0,1,0,0,0,0,226,0,0,1,0,0,0,0.6,0,0,0,0,0,3,2,0,3,0,7,0,0,15,0,0,0,0,0,0,0,0,0,0,0,15.5,0,0.2,0,0,0,0,0,0,5,0,0,0,0,0,0,0,0,0,0,0,0,0,0,0,0,0,0,0,0,0,0,0,0,0,0,0,0,0,0,0,0,0,0,0,0
03CAG2010O01,1163,Canada Gauge,CAG,-77.6136333,163.0522667,1/18/2010,2010,orange,2.995594714,2.060935818,158136606,299,0,0,177,canada_huey,0,97,0,0,0,0,10,0,94,4.5,5,0,0,0,1,0,0,0,0,0.5,1.2,0,8,0,0,11,7,0,0,0,5.5,8,0,1,33,0,1.9,1,2,1.5,0,0,0,0,0,0,1.2,0,0.5,0,0,0,0.7,2,0,1.5,0,0,0,0,0,0,0,0,0,0,0,0,0,0,0,0,0,0,0,0,0,0,0,0,0,0,0,0,0,0,0,0,0,0,0,0
04CAD2003O04,510,Canada Delta,CAD,-77.6,163.0666667,1/7/2003,2003,orange,6.18,1.999,120710421,268.75,0,0,178,canada_huey,0,37.5,0,0,0,0,0,0,11,22,68,0,0,0,4,7,0,0,2,4.25,0,0,8,0,0,7,26.5,0,1,25.5,2.5,0,0,0,0,0,0,4.5,12,0,0,0,0,1,0,0,0.25,0,0.25,0,18,0,0,1,0,5.5,0,0,0,0,0,0,0,0,0,0,0,0,0,0,0,0,0,0,0,0,0,0,0,0,0,0,0,0,0,0,0,0,0,0,0,0
12VGG1997O01,158,Von Guerard Gauge,VGG,-77.6193056,163.2884722,1/15/1997,1997,orange,7.709251101,1.968224106,4592502,341.1,0,0,179,delta_harnish_crescent_vg,0,0,0,0,0,0,1,0,2,0,0,0,0,3,0,17,33,0,2,13,0,0,2,0,4,68.1,54,4,23,0,0,89,0,5,3,0,0,1,0,0,0,1,0,0,0,0,4,0,0,0,0,0,0,0,0,12,0,0,0,0,0,0,0,0,0,0,0,0,0,0,0,0,0,0,0,0,0,0,0,0,0,0,0,0,0,0,0,0,0,0,0,0
03CAG2003O03,518,Canada Gauge,CAG,-77.6,163.05,1/7/2003,2003,orange,6.07,1.901,120710421,277.75,0,0,180,canada_huey,0,76.5,0,0,0,0.5,2,0,26,18,68,0,0,0,5.5,1,4.5,0,1.5,3,0.25,0,4.5,2.5,0,2.75,9,0,0,19.5,9.25,0,0,0,0,0,0,6.5,6,0,0,0,0,0,0,0,1,0,0,0,3,0,0,3.25,0,3.75,0,0,0,0,0,0,0,0,0,0,0,0,0,0,0,0,0,0,0,0,0,0,0,0,0,0,0,0,0,0,0,0,0,0,0,0
04CAD2003O02,508,Canada Delta,CAD,-77.6,163.0666667,1/7/2003,2003,orange,9.85,1.894,120710421,225.75,0,0,181,canada_huey,0,68.5,0,0,0,0.25,0,0,0,0,61.5,4,0,0,2,2.75,2,0,1,0.25,0,0,12.25,1,0,11,6,0,0,11.75,3.25,0,0,0,2,0,0,7,7,0,0,2,0,0,1,0,0,0,0,0,14.5,0,0,0,0,4.75,0,0,0,0,0,0,0,0,0,0,0,0,0,0,0,0,0,0,0,0,0,0,0,0,0,0,0,0,0,0,0,0,0,0,0,0
08DEG2010O04,1152,Delta Gauge,DEG,-77.6531944,163.0995833,1/21/2010,2010,orange,2.995594714,1.87525043,21715029,326.3,0,0,182,delta_harnish_crescent_vg,0,0,0,0,0,0,0,0,0,0,0,0,0,121,0,0,7.5,0,0,0,0.8,0,6,1,0,5,57,2,14,1,1,106.5,0,0,2,0,0,0,0,0,0,0,0,0,0,0,1.5,0,0,0,0,0,0,0,0,0,0,0,0,0,0,0,0,0,0,0,0,0,0,0,0,0,0,0,0,0,0,0,0,0,0,0,0,0,0,0,0,0,0,0,0,0
09GRN2007O02,877,Green,GRN,-77.624167,NA,1/3/2007,2007,orange,3.392070485,1.869830379,183233340,325.1,0,1,183,green_bowles,0,66.9,2.2,0,0,1.5,5.7,2,66.4,31.5,3,1,0,0,1.6,3.1,0,0,0,2,4.4,0,2,0,0,2.5,26.3,0,1,2,1,16,2.2,2,20,3,0.8,2.5,4.9,1,0.2,0,0,0,0,0,0,0,1.3,0,0,0,0,2.6,0,41.5,0,0,0,0,0,0,0,0,0,0,0,0,0,0,0,0,0,0,0,0,0,0,0,0,0,0,0,0,0,0,0,0,0,0,0,0
07DEU2003O03,500,Delta Upper,DEU,-77.65,163.0833333,1/10/2003,2003,orange,14.8,1.671,27726867,265.75,0,0,184,delta_harnish_crescent_vg,0,1.5,0,6.5,0,0,0,0,0,2,6,0,0,0,9.5,7.5,10.5,0,0.25,7,5,0,0,9.5,0,38.25,23.75,8.5,1,22,24,59,0,2,0,0,0,0.5,0.75,0,0,0,0,2.5,0,0,5,0,0,0,0,0,0,0,0,13.25,0,0,0,0,0,0,0,0,0,0,0,0,0,0,0,0,0,0,0,0,0,0,0,0,0,0,0,0,0,0,0,0,0,0,0,0
12VGG2007B01,700,Von Guerard Gauge,VGG,-77.609167,163.254167,1/8/2007,2007,black,11.05726872,1.646171235,43067538,261.4,0,1,185,delta_harnish_crescent_vg,0,0,1,0,0,0,1.5,0,2,0,0,0,0,0,23.5,0,18.1,47,4.1,60.5,5,0,0,4,0,10.5,12.7,2,13.3,20.7,0,5,0.2,1.5,3,0,0.2,2.7,0.2,0,0,0,0,2.4,0,0,5.8,0,0.6,0,1,0,0,0,0.2,11.7,0,0,0,0,0,0,0,0,0,0,0,0,0,0,0,0,0,0,0,0,0,0,0,0,0,0,0,0,0,0,0,0,0,0,0,0
06VGM2007O02,708,Von Guerard Lower,VGM,-77.619444,163.287778,1/12/2007,2007,orange,1.806167401,1.398548612,43067538,298.8,0,0.6,186,delta_harnish_crescent_vg,0,1,0,1,0,0,3,0,16,0,0,0,0,18,0,16.7,21,0,15,7.9,0,0,0,8,2,13,24,2,7,19,0,54.5,0,4,2,1,0,2.2,1,0,0,1.2,0,2,0,0,2,0,0,0,0,0,0,0,0,53.7,0,0,0,0,0,0,0,0,0,0,0,0,0,0,0,0,0,0,0,0,0,0,0,0,0,0,0,0,0,0,0,0,0,0,0,0
09GRN2007B01,843,Green,GRN,NA,NA,1/3/2007,2007,black,3.832599119,1.198852948,183233340,295.1,0,1.6,187,green_bowles,0,4.5,0,0,0,0.5,0.7,0,27.5,5.5,6,0,0,0,8.2,18,2.7,0,0,29.9,6.2,0,2,0,2.5,2.7,53,1.5,2.2,16.7,4.2,49.4,0,0,3.5,0,0,2.2,8.9,0,0,0,0,0,0,0,4.4,0,0.4,0,3.9,0,0,4.5,0,13.1,0,0,0,3.2,0,0,0,5.5,0,0,0,0,0,0,0,0,0,0,0,0,0,0,0,0,0,0,0,0,0,0,0,0,0,0,0,0
07DEU2003O02,499,Delta Upper,DEU,-77.65,163.0833333,1/10/2003,2003,orange,3.9,1.191,27726867,260.25,0,0,188,delta_harnish_crescent_vg,0,5,0,5,0,0,0,0,0,16.25,13,0,0,0,4.5,2.25,8,0,1,48.5,2.5,0,1,1.5,0,27.5,32.5,3,2,19.25,21.75,23.5,0,1,0,0,0,0.5,5.5,0,0,0,0,2.25,0,0,1,0,0,0,0,0,0,2,0,10,0,0,0,0,0,0,0,0,0,0,0,0,0,0,0,0,0,0,0,0,0,0,0,0,0,0,0,0,0,0,0,0,0,0,0,0
12VGG2010O02,1100,Von Guerard Gauge,VGG,-77.6092258,163.2552989,1/27/2010,2010,orange,0.704845815,1.149389369,93741201,357,0,0,189,delta_harnish_crescent_vg,0,0,0,0,0,0,2,0,6,0,0,0,0,123,1.6,5,19,0,0,19.5,2.2,0,0,4,0,16,59,0,11.5,2,0,52,0,3,21,0,0,0,0,0,0,0,0,0,0,0,4,0,0,0,0,0,0,0,0,6.2,0,0,0,0,0,0,0,0,0,0,0,0,0,0,0,0,0,0,0,0,0,0,0,0,0,0,0,0,0,0,0,0,0,0,0,0
06VGM2003O01,503,Von Guerard Middle,VGM,-77.6,163.25,1/3/2003,2003,orange,9.09,1.112,12086892,226.65,0,2.4,190,delta_harnish_crescent_vg,0,0,0,0.7,0,0,0,0,0.5,0,0,0,0,81,5,12.6,4.3,0,1.6,13.2,0.6,0,0,1,0,25.5,12.2,4.5,11.7,16.5,1,17.7,0,3.5,0,0,0,5.25,2,0,0,1,0,2,0,0,0.7,0,0,0,0,0,0,0,0,0.2,0,0,0,0,0,0,0,0,0,0,0,0,0,0,0,0,0,0,0,0,0,0,0,0,0,0,0,0,0,0,0,0,0,0,0,0
03CAG2003O02,517,Canada Gauge,CAG,-77.6,163.05,1/7/2003,2003,orange,4.84,1.105,120710421,273,0,0,191,canada_huey,0,25.75,0,0,0,0.5,0,0,9,0,65.5,0,0,0,7,12,14.5,0,0.75,16,0,0,14,1.5,0,15.5,5,1,3.75,44.75,4,0,0,0,0,0,0,10.75,7.5,0,0,1,0,0,0,0,2.25,0,0,0,7,0,0,2.5,0,1.5,0,0,0,0,0,0,0,0,0,0,0,0,0,0,0,0,0,0,0,0,0,0,0,0,0,0,0,0,0,0,0,0,0,0,0,0
09GRN2013O02,2315,Green,GRN,-77.624,163.0583889,1/15/2013,2013,orange,4.713656388,1.061960352,267335793,304.5,0,0,192,green_bowles,0,38.1,6,1,0,1,6.4,10,46.9,21.2,18.9,0,0,7,2.9,2.4,0,0,1,1.5,2,0,2.9,4,0,0,1,0,0,0,2,23.9,0,1,9,0,1,1,11.3,0,0.4,0,0,3.6,0,0,0,0,8.3,0,0,0,0,5.4,0,63.4,0,0,0,0,0,0,0,0,0,0,0,0,0,0,0,0,0,0,0,0,0,0,0,0,0,0,0,0,0,0,0,0,0,0,0,0
03CAG2001O02,587,Canada Gauge,CAG,-77.6,163.05,1/18/2001,2001,orange,17.62114537,1.01154185,93661740,253.1,0,0,193,canada_huey,0,68.5,1,0,0,2,0,0,20,55,37,0,0,0,3,0,4,3,1.5,2,0,0,0,0,0,2.7,1,0,0.9,6,5,15.5,0,1,0,0,0,7,2,0,0,0,0,0,0,0,0,0,0,0,0,0,0,10,0,4,0,0,0,0,0,0,0,1,0,0,0,0,0,0,0,0,0,0,0,0,0,0,0,0,0,0,0,0,0,0,0,0,0,0,0,0
06VGM2003O02,504,Von Guerard Middle,VGM,-77.6,163.25,1/3/2003,2003,orange,14.81,0.954,12086892,262.85,2,0.85,194,delta_harnish_crescent_vg,0,1,0,0.5,0,0,0,0,0,2,12,0,0,0,21,8.5,16,0,1.5,16,0,0,0,11,0,32.5,20,4,1,68.5,31,0,0,1,0,0,0,0,5,0,0,0,0,0,0,0,1,0,0,0,2,0,0,0,0,4.5,0,0,0,0,0,0,0,0,0,0,0,0,0,0,0,0,0,0,0,0,0,0,0,0,0,0,0,0,0,0,0,0,0,0,0,0
08DEG2003O03,571,Delta Gauge,DEG,-77.6532222,163.0996944,1/9/2003,2003,orange,3.4,0.895,27726867,374.2,0,2.8,195,delta_harnish_crescent_vg,0,0,0,0.9,0,0,0,0,3.5,3,2,0,0,2,7.4,20.3,12.9,0,1,10.6,13.6,0,3.9,8.3,0,22.7,71.8,1,22,15.5,1,52.9,0,1,0,0,0,2.4,0.7,0,0,0,0,0,0,0,79.2,0,3.1,0.4,0,0,2.7,0,0,5.4,0,0.2,0,0,0,0,0,0,0,0,0,0,0,0,0,0,0,0,0,0,0,0,0,0,0,0,0,0,0,0,0,0,0,0,0,0
09GRN2007O01,842,Green,GRN,NA,NA,12/12/2006,2007,orange,0.837004405,0.890148036,183233340,240.9,0,1.2,196,green_bowles,0,33.1,1,1,0,1,2,0,34.5,31,11,0,0,0,1,1,0.5,0,0,1.5,3.4,0,0.2,0,0,0,38.4,0,3.1,13.5,0,31.2,0,1.7,6,0,0,0,1.8,0,0,0.7,0,0,0,0,0,0,1.3,0,0,0,0,0.5,0,19.3,0,0,0,0,0,0,0,0,0,0,0,0,0,0,0,0,0,0,0,0,0,0,0,0,0,0,0,0,0,0,0,0,0,0,0,0
09GRN2003B04,514,Green,GRN,-77.6166667,163.05,1/8/2003,2003,black,17.7,0.829,76673934,261.7,0,0.2,197,green_bowles,0,2,0,0,0,0,0,0,0,5,19,0,0,0,12.5,46.75,24.5,0,4,28.5,8,0,3,16.5,0,25.25,6.25,0,0,21.5,0,0,0,0,0,0,0,0,6.5,0,0,0,0,0,0,0,27,0,0,0,0,0,0,1,0,4.25,0,0,0,0,0,0,0,0,0,0,0,0,0,0,0,0,0,0,0,0,0,0,0,0,0,0,0,0,0,0,0,0,0,0,0,0
21AIK2007O01,650,Aiken,AIK,NA,NA,1/2/2007,2007,orange,0.925110132,0.717187007,91310958,254.1,0,10.4,198,NA,0,2,0.5,0,0,1.5,3,1,56,6,24,3,0,0,10.6,0,9.1,10,1,3,4.9,0,4.5,0,0,7,0,0,2.5,6,8,1,0,5,8,5.5,0.2,0,5,0,0,1,0,2,0,0,2.7,0,1.5,6.3,0.2,1,7.7,24.2,0,4.8,0,1,0,3,0,0,0,0,0,0,0,0,0,0,0,0,0,0,0,0,0,0,0,0,0,0,0,0,0,0,0,0,0,0,0,0
06VGM2003B03,729,Von Guerard Middle,VGM,NA,NA,1/3/2003,2003,black,10.2,0.652,12086892,335.7,0,2.4,199,delta_harnish_crescent_vg,0,0,0.2,1.6,0,0,1,0,5,0.5,10,0.7,0,14,17.7,31.5,10.9,0,10.8,29.4,8.8,0,1,1.5,0,35.9,15.3,1.5,5.7,25.4,1,50.9,0,11.9,6.7,0,0,1.6,0.2,0,0,10.7,0,0,0,0,6.7,0,0.6,0,0,0.5,0,2.2,0,3.2,0,0,0,8.7,0,0,0,0,0,0,0,0,0,0,0,0,0,0,0,0,0,0,0,0,0,0,0,0,0,0,0,0,0,0,0,0
09GRN2007O01,842,Green,GRN,NA,NA,1/3/2007,2007,orange,1.762114537,0.648713438,183233340,240.9,0,1.2,200,green_bowles,0,33.1,1,1,0,1,2,0,34.5,31,11,0,0,0,1,1,0.5,0,0,1.5,3.4,0,0.2,0,0,0,38.4,0,3.1,13.5,0,31.2,0,1.7,6,0,0,0,1.8,0,0,0.7,0,0,0,0,0,0,1.3,0,0,0,0,0.5,0,19.3,0,0,0,0,0,0,0,0,0,0,0,0,0,0,0,0,0,0,0,0,0,0,0,0,0,0,0,0,0,0,0,0,0,0,0,0
12VGG2003O03,476,Von Guerard Gauge,VGG,-77.6,163.25,1/2/2003,2003,orange,12.7,0.528,12086892,326.3,0,2.2,201,delta_harnish_crescent_vg,0,0,0,5.2,0,0,1,0,2,0,4,0,0,25,10.2,37.9,12.1,0,3.1,38.5,5.4,0,2,10,0,35.5,9.7,7.7,13.7,30.9,0,30.1,0,3,8,0,0,0.7,0,0,0,2.8,0,0,0,0,14,0,0.4,0.2,0.2,0,2,0,0,8.8,0,0,0,0,0,0,0,0,0,0,0,0,0,0,0,0,0,0,0,0,0,0,0,0,0,0,0,0,0,0,0,0,0,0,0,0
12VGG2003O02,475,Von Guerard Gauge,VGG,-77.6,163.25,1/2/2003,2003,orange,1.6,0.397,12086892,325.9,0,2,202,delta_harnish_crescent_vg,0,0,0,34.9,0,0,0,0,3,1,1,0,0,5,18.4,72.4,33.4,0,5.3,16.3,7.2,0,0,0.2,0,11.7,11.4,5,14.5,16.2,1,22.2,0,1,2.5,0,0,4.1,1.2,0,0,0.4,0,0,0,0,18.3,0,0,0,0,0,0,0,0,15.3,0,0,0,1,0,0,0,0,0,0,0,0,0,0,0,0,0,0,0,0,0,0,0,0,0,0,0,0,0,0,0,0,0,0,0,0
08DEG2003O05,573,Delta Gauge,DEG,-77.6532222,163.0996944,1/9/2003,2003,orange,1.3,0.377,27726867,282.75,0,0,203,delta_harnish_crescent_vg,0,0,0,6.75,0,0,0,0,1,7,3,0,0,0,9.5,10,26.5,0,2.5,4,15,0,5.5,5,0,29,16.75,9,26,10,26,50.5,0,0,0,0,0,7.5,0,0,0,0,0,0,0,0,7.25,0,1,0,0,0,0,2,0,2,0,0,0,0,0,0,0,0,0,0,0,0,0,0,0,0,0,0,0,0,0,0,0,0,0,0,0,0,0,0,0,0,0,0,0,0
12VGG2003O01,474,Von Guerard Gauge,VGG,-77.6,163.25,1/2/2003,2003,orange,10.3,0.29,12086892,306.2,0,1.6,204,delta_harnish_crescent_vg,0,0,0,1.2,0,0,0,0,5.5,0,1.5,0,0,5,2,38.5,18.6,0,5.6,57.4,3.3,0,1.4,5.7,0,27.3,12.9,2.7,10.1,21.5,3,21.7,0,0,0,0,0,2.1,0,0,0,31.4,0,0,0,0,18.7,0,0,0,1,0,0,0,0,6.5,0,0,0,0,0,0,0,0,0,0,0,0,0,0,0,0,0,0,0,0,0,0,0,0,0,0,0,0,0,0,0,0,0,0,0,0
06VGM2003B01,727,Von Guerard Middle,VGM,NA,NA,1/3/2003,2003,black,14,0.283,12086892,255,0,0.8,205,delta_harnish_crescent_vg,0,0,0,0.6,0,0,0,0,5,3,3.5,0,0,8,16.8,12.1,4,0,0.2,19.9,8.4,0,0,1,0,34.7,29.9,0.5,2.7,37.2,0,37,0,13.2,4.4,0,0.6,0.2,0.2,0,0,3.1,0,0,0,0,1.2,0,0.2,0.2,0.2,1,0,0,0,2.7,0,0,0,2.5,0,0,0,0,0,0,0,0,0,0,0,0,0,0,0,0,0,0,0,0,0,0,0,0,0,0,0,0,0,0,0,0
09GRN2003B01,511,Green,GRN,-77.6166667,163.05,1/8/2003,2003,black,6.8,0.212,76673934,242.25,0,0,206,green_bowles,0,8,0,0,0,0,0,0,0,1,40,0,0,0,10,46.25,14,0,0,23,2,0,0,5.25,0,32.5,13.5,7,4.5,21,0,0,0,0,0,0,0,4.5,0.25,0,0,0,0,1,0,0,0,0,0,0,1,0,0,0,0,7.5,0,0,0,0,0,0,0,0,0,0,0,0,0,0,0,0,0,0,0,0,0,0,0,0,0,0,0,0,0,0,0,0,0,0,0,0
03CAG2003B02,521,Canada Gauge,CAG,-77.6,163.05,1/7/2003,2003,black,15.15,0.185,120710421,290.25,0,0,207,canada_huey,0,2.25,0,2.5,0,0,0,0,0,29.25,17,0,0,0,35.5,18.5,30.5,0,1,62,0,0,0,11.5,0,22,8.25,2.25,0,8,1,0,0,0,0,0,0,1.5,0.25,0,0,0,0,0,0,0,35,0,0,0,0,0,0,0,0,2,0,0,0,0,0,0,0,0,0,0,0,0,0,0,0,0,0,0,0,0,0,0,0,0,0,0,0,0,0,0,0,0,0,0,0,0
03CAG2003B05,524,Canada Gauge,CAG,-77.6,163.05,1/7/2003,2003,black,14.08,0.179,120710421,274.75,0,0,208,canada_huey,0,35,0,0,0,0,3,0,29.75,7,47.5,0,0,0,8,5,13.5,0,3,8.5,16.5,0,6.5,4,0,15.5,10.5,1,0.5,15,13,0,0,0,2,0,0,6,8.5,0,0,0,0,0,0,0,1.5,0,0.5,0,7,0,0,1.5,0,5,0,0,0,0,0,0,0,0,0,0,0,0,0,0,0,0,0,0,0,0,0,0,0,0,0,0,0,0,0,0,0,0,0,0,0,0
04CAD2003B02,494,Canada Delta,CAD,-77.6,163.0666667,1/7/2003,2003,black,10.74,0.171,120710421,258.75,0,0,209,canada_huey,0,57.5,0,2.75,0,1,0,0,0,3,94,0,0,0,7,11,0.5,0,1,1,0,0,2.75,0,0,9.5,4.25,2,1,11,7.5,0,0,0,1,0,0,11.5,9.5,0,0,0,0,0,0,0,0,0,3,0,11.5,0,0,2,0,3.5,0,0,0,0,0,0,0,0,0,0,0,0,0,0,0,0,0,0,0,0,0,0,0,0,0,0,0,0,0,0,0,0,0,0,0,0
09GRN2003B03,513,Green,GRN,-77.6166667,163.05,1/8/2003,2003,black,8.1,0.134,76673934,269.35,0,0.6,210,green_bowles,0,3,0,0,0,0,0,0,0,0.5,4,0,0,0,15.5,39,11,0,3.5,22,16,0,2,5,0,30.25,4,4,0,56.25,10,0,0,0,0,0,0,1.25,2,0,0,0,0,0,0,0,37.5,0,0,0,0,0,0,1,0,1,0,0,0,0,0,0,0,0,0,0,0,0,0,0,0,0,0,0,0,0,0,0,0,0,0,0,0,0,0,0,0,0,0,0,0,0
04CAD2003B01,493,Canada Delta,CAD,-77.6,163.0666667,1/7/2003,2003,black,13.88,0.127,120710421,223.95,0,1,211,canada_huey,0,49.5,0,0,0,0,2,0,0,6,59,0,0,0,7,6,4,0,0.5,0,0,0,8,0,0,17,16.7,2,4.25,10,4,0,0,0,0,0,0,8,8,0,0,0,0,0,0,0,0,0,0,0,2,0,0,0.5,0,8.5,0,0,0,0,0,0,0,0,0,0,0,0,0,0,0,0,0,0,0,0,0,0,0,0,0,0,0,0,0,0,0,0,0,0,0,0
03CAG2003B01,520,Canada Gauge,CAG,-77.6,163.05,1/7/2003,2003,black,7.58,0.114,120710421,316.75,0,0,212,canada_huey,0,4.5,0,17,0,0,0,0,3,2,3,0,0,0,23,21.5,11.25,0,2.5,92,13,0,0,12.75,0,30.25,8,6.75,0,33,8.75,0,0,0,1,0,0,1.5,2,0,0,3,0,0,0,0,17,0,0,0,0,0,0,0,0,0,0,0,0,0,0,0,0,0,0,0,0,0,0,0,0,0,0,0,0,0,0,0,0,0,0,0,0,0,0,0,0,0,0,0,0,0
04CAD2003B04,496,Canada Delta,CAD,-77.6,163.0666667,1/7/2003,2003,black,7.28,0.104,120710421,289.25,0,0,213,canada_huey,0,21,0,0,0,0,0,0,2,8.5,26,0,0,0,0.75,2.25,0.25,0,5.5,2.5,0,0,2.5,0.5,0,6,5,0,0,10.5,8,0,0,0,0,0,0,48.75,30.5,0.25,0,0,0,0,0,0,0,0,0,0,108.5,0,0,0,0,0,0,0,0,0,0,0,0,0,0,0,0,0,0,0,0,0,0,0,0,0,0,0,0,0,0,0,0,0,0,0,0,0,0,0,0,0
04CAD2003B03,495,Canada Delta,CAD,-77.6,163.0666667,1/7/2003,2003,black,8.36,0.088,120710421,256,0,0,214,canada_huey,0,51.5,2,0,0,1,0,0,0,14,74.5,0,0,0,3,6,4,0,0.5,2,0.5,0,8.5,0.5,0,7.5,12.5,1,2.5,22,6.25,0,0,0,0,0,0,2,10,0,0,0,0,0,0,0,1.25,0,0,0,15,0,0,0,0,8,0,0,0,0,0,0,0,0,0,0,0,0,0,0,0,0,0,0,0,0,0,0,0,0,0,0,0,0,0,0,0,0,0,0,0,0
04CAD2003B05,497,Canada Delta,CAD,-77.6,163.0666667,1/7/2003,2003,black,2.6,0.088,120710421,314.75,0,0,215,canada_huey,0,11.5,0,0.25,0,0,0,0,2,4,44.75,0,0,0,12,34.5,2.5,0,0,6.5,2,0,0.5,6,0,5.25,6,3.5,0,13.5,3.5,0,0,0,0,0,0,5.25,3,0,0,0,0,0,0,0,132,0,0.25,0,15.5,0,0,0,0,0.5,0,0,0,0,0,0,0,0,0,0,0,0,0,0,0,0,0,0,0,0,0,0,0,0,0,0,0,0,0,0,0,0,0,0,0,0
09GRN2003B05,515,Green,GRN,-77.6166667,163.05,1/8/2003,2003,black,14,0.085,76673934,261.5,0,0,216,green_bowles,0,0,0,0,0,0,0,0,1,7,14.5,0,0,0,39,12,91.5,0,3.5,17,6.5,0,0,10,0,5.5,6,0,2,13.25,6,0,0,0,0,0,0,0,2,0.5,0,0,0,0,0,0,15,0,0,0,0,0,0,2,0,7.25,0,0,0,0,0,0,0,0,0,0,0,0,0,0,0,0,0,0,0,0,0,0,0,0,0,0,0,0,0,0,0,0,0,0,0,0
03CAG2003B04,523,Canada Gauge,CAG,-77.6,163.05,1/7/2003,2003,black,1.61,0.063,120710421,267.5,0,0,217,canada_huey,0,6,0,0,0,0,0,0,10.5,34.75,31.75,0,0,0,10.5,64.5,43,0,11,2,12,0,2,2,0,7.5,2,7,0,1.5,5.75,0,0,0,0,0,0,9.5,0,0,0,0,0,0,0,0,1,0,0,0,2.75,0,0,0.5,0,0,0,0,0,0,0,0,0,0,0,0,0,0,0,0,0,0,0,0,0,0,0,0,0,0,0,0,0,0,0,0,0,0,0,0,0,0
04CAD2003O03,509,Canada Delta,CAD,-77.6,163.0666667,1/7/2003,2003,orange,1.8,0.062,120710421,302.75,0,0,218,canada_huey,0,69.5,2,0.5,0,0,0,0,20.5,14,83,0.5,0,0,2.5,13.5,2,0,4,2,0,0,1,3.5,0,8.5,4.5,1.5,0,21.75,0.5,0,0,0,0,0,0,11,12,1,0,0.5,0,0,1,0,1,0,0,0,11.5,0,0,1.5,0,8,0,0,0,0,0,0,0,0,0,0,0,0,0,0,0,0,0,0,0,0,0,0,0,0,0,0,0,0,0,0,0,0,0,0,0,0
09GRN2003B02,512,Green,GRN,-77.6166667,163.05,1/8/2003,2003,black,3.6,0.055,76673934,270.25,0,0,219,green_bowles,0,15,0,0,0,2.5,0,0,9,10,49.75,0,0,0,14,14,8.5,0,4,9.5,6.75,0.75,5.25,6,0,9.25,16.25,7.5,0,17,2,0,0,0,2.5,0,0,8.75,14.5,0,0,0,0,0,0,0,7.5,0,0,0,0,0,0,12,0,18,0,0,0,0,0,0,0,0,0,0,0,0,0,0,0,0,0,0,0,0,0,0,0,0,0,0,0,0,0,0,0,0,0,0,0,0
03CAG2003B03,522,Canada Gauge,CAG,-77.6,163.05,1/7/2003,2003,black,2.31,0.054,120710421,292.5,0,0,220,canada_huey,0,1.5,0,10,0,0,0,0,12,6,33.5,0,0,0,5.5,21,21.5,0,2.5,31,15,0,2,5,0,47,2,20.75,1.5,20.75,20.5,0,0,0,0,0,0,0.75,0.75,0,0,0,0,0,0,0,11,0,0,0,0.5,0,0,0,0,0.5,0,0,0,0,0,0,0,0,0,0,0,0,0,0,0,0,0,0,0,0,0,0,0,0,0,0,0,0,0,0,0,0,0,0,0,0
05VGU2003B03,576,Von Guerard Upper,VGU,-77.6,163.25,1/2/2003,2003,black,6.69,0.049,12086892,265.75,0,0,221,delta_harnish_crescent_vg,0,0,1,1,0,0,0,0,3,0,12,0,0,0,3.5,55.25,76.5,0,3,33.5,1,0,2,1,0,11,4,7.5,0,9,8,2,0,0,0,0,0,5,0,0,0,0,0,0,0,0,25.5,0,0,0,1,0,0,0,0,0,0,0,0,0,0,0,0,0,0,0,0,0,0,0,0,0,0,0,0,0,0,0,0,0,0,0,0,0,0,0,0,0,0,0,0,0
07DEU2003B04,532,Delta Upper,DEU,-77.65,163.0833333,1/10/2003,2003,black,15.3,0.045,27726867,259.75,0,0,222,delta_harnish_crescent_vg,0,2,0,4,0,0.5,0,0,5,4.5,11,0,0,0,7,20.5,12,0,0,6.25,18.5,0,0,1,0,30.25,9.25,7,3,19.75,17,66.5,0,0,0,0,0,2.75,0.5,0,0,0,0,0,0,0,3,0,0,0,0,0,0,2,0,6.5,0,0,0,0,0,0,0,0,0,0,0,0,0,0,0,0,0,0,0,0,0,0,0,0,0,0,0,0,0,0,0,0,0,0,0,0
07DEU2003B01,529,Delta Upper,DEU,-77.65,163.0833333,1/10/2003,2003,black,11.2,0.025,27726867,265.5,0,0,223,delta_harnish_crescent_vg,0,1,0,4.5,0,0,0,0,4,0,8,0,0,0,13.5,45,32,0,1.5,2.75,7,0,1,3,0,13.5,16.75,12,2.5,11,16.5,47,0,0,0,0,0,14.25,0,0,0,0,0,1.25,0,0,2.5,0,3,0,0,0,0,0,0,2,0,0,0,0,0,0,0,0,0,0,0,0,0,0,0,0,0,0,0,0,0,0,0,0,0,0,0,0,0,0,0,0,0,0,0,0
07DEU2003B02,530,Delta Upper,DEU,-77.65,163.0833333,1/10/2003,2003,black,11.2,0.024,27726867,262.25,0,0,224,delta_harnish_crescent_vg,0,1,0,8.5,0,0,0,0,0,4.5,11.5,0,0,0,29,23.5,45.5,0,2.5,2.5,7.5,0,0,4.25,0,18.25,13.75,7.25,0,13,10.5,50,0,0,0,0,0,2,1,0,0,0,0,0,0,0,3.25,0,1,0,0,0,0,2,0,0,0,0,0,0,0,0,0,0,0,0,0,0,0,0,0,0,0,0,0,0,0,0,0,0,0,0,0,0,0,0,0,0,0,0,0,0
