row,col,NDVI,NDVI_log1p,NDVI_log1p_01,region
1866,1927,0.6750182509422302,0.5158240613025814,1,canada_huey
498,896,0.5295081734657288,0.42494622847537217,0.7788499794014411,delta_harnish_crescent_vg
499,896,0.4998123347759247,0.4053399901318533,0.7311384541742324,delta_harnish_crescent_vg
498,897,0.4549442529678345,0.37496758577799755,0.6572276044155891,delta_harnish_crescent_vg
689,451,0.3988211452960968,0.3356298428329591,0.5614997201565427,delta_harnish_crescent_vg
1480,1542,0.37140750885009766,0.31583759117040283,0.5133355339441744,canada_huey
690,452,0.3667435646057129,0.31243095024390427,0.5050455176923621,delta_harnish_crescent_vg
1481,1542,0.3546767234802246,0.3035628454094206,0.48346510027038037,canada_huey
690,451,0.35384151339530945,0.30294611697095775,0.4819642996611812,delta_harnish_crescent_vg
2153,1714,0.34548714756965637,0.2967561389798972,0.4669010689739965,canada_huey
2182,1417,0.3363215923309326,0.2899207589703252,0.450267260894638,canada_huey
1094,504,0.33012855052948,0.28527559209635756,0.4389633079073907,delta_harnish_crescent_vg
499,895,0.3290612995624542,0.28447290324411767,0.4370099750572929,delta_harnish_crescent_vg
1480,1541,0.32627150416374207,0.2823716250756746,0.43189654204752864,canada_huey
859,756,0.3249877393245697,0.28140320605542574,0.4295399069956863,delta_harnish_crescent_vg
1479,1541,0.31934040784835815,0.2771319206871436,0.41914578977489025,canada_huey
697,448,0.3190557360649109,0.2769161291463557,0.4186206638755857,delta_harnish_crescent_vg
1319,471,0.3175044357776642,0.275739368241879,0.4157570315664899,delta_harnish_crescent_vg
860,757,0.31687912344932556,0.27526463680963004,0.4146017788194283,delta_harnish_crescent_vg
1317,470,0.315741628408432,0.27440048263104017,0.4124988708995306,delta_harnish_crescent_vg
1792,177,0.31459495425224304,0.27352859860191026,0.41037715248918677,delta_harnish_crescent_vg
1478,1541,0.31260553002357483,0.27201411607891285,0.40669167902731573,canada_huey
858,756,0.31198570132255554,0.271541792080311,0.4055422847386271,delta_harnish_crescent_vg
2172,1411,0.31090718507766724,0.2707194052331274,0.4035410170748125,canada_huey
1316,470,0.30823707580566406,0.26868048722704974,0.3985793367066178,delta_harnish_crescent_vg
867,748,0.30815303325653076,0.2686162440938326,0.3984230018800458,delta_harnish_crescent_vg
689,448,0.30760082602500916,0.2681940275784938,0.3973955434981788,delta_harnish_crescent_vg
1481,1541,0.30668556690216064,0.26749382949559136,0.39569162059817553,canada_huey
1479,1543,0.303523987531662,0.26507135662459974,0.3897965644700452,canada_huey
859,754,0.29737356305122375,0.26034188472102715,0.37828745629309235,delta_harnish_crescent_vg
693,449,0.29447147250175476,0.25810248250177914,0.37283790020765195,delta_harnish_crescent_vg
1317,443,0.29313111305236816,0.2570664968548721,0.3703168426513068,delta_harnish_crescent_vg
760,486,0.2930153012275696,0.2569769336157326,0.3700988916772972,delta_harnish_crescent_vg
1315,440,0.29272693395614624,0.25675388951745004,0.3695561167739458,delta_harnish_crescent_vg
1859,1844,0.29201462864875793,0.25620272777987,0.36821487187596597,canada_huey
1622,177,0.28962141275405884,0.2543486968151168,0.3637031117108096,delta_harnish_crescent_vg
1623,177,0.28953221440315247,0.25427952811573984,0.3635347905832462,delta_harnish_crescent_vg
1477,1541,0.2890474796295166,0.2539035577468832,0.3626198715955193,canada_huey
696,448,0.2888101637363434,0.25371943905091543,0.36217182115088253,delta_harnish_crescent_vg
1481,1543,0.2877711355686188,0.2529129221175462,0.36020917271529734,canada_huey
760,487,0.28546983003616333,0.25112427800939385,0.35585653061264644,delta_harnish_crescent_vg
689,449,0.2854524552822113,0.25111076165065244,0.3558236387299828,delta_harnish_crescent_vg
1476,1541,0.28366488218307495,0.24971917601807783,0.3524372332476506,canada_huey
1588,171,0.282827764749527,0.24906683246725184,0.35084976372714816,delta_harnish_crescent_vg
863,755,0.2827284336090088,0.2489893980765093,0.35066132814748036,delta_harnish_crescent_vg
763,487,0.2826721966266632,0.24894555542543034,0.35055463762804817,delta_harnish_crescent_vg
1291,468,0.28174063563346863,0.2482190257321982,0.34878663709782814,delta_harnish_crescent_vg
864,761,0.28139257431030273,0.24794743522417853,0.34812572513971485,delta_harnish_crescent_vg
1480,1543,0.280365914106369,0.24714590747397067,0.3461752178162643,canada_huey
1315,471,0.28032052516937256,0.24711045687267483,0.3460889492404972,delta_harnish_crescent_vg
860,753,0.2790587544441223,0.24612445933997282,0.34368953710792827,delta_harnish_crescent_vg
1292,467,0.2790548801422119,0.24612143030962952,0.3436821660021044,delta_harnish_crescent_vg
1624,177,0.27889689803123474,0.24599790795668597,0.34338157596768104,delta_harnish_crescent_vg
1288,466,0.2786905765533447,0.24583656725542916,0.34298895547601316,delta_harnish_crescent_vg
860,754,0.2781732380390167,0.24543190078986676,0.3420042049113202,delta_harnish_crescent_vg
1477,1542,0.2776655852794647,0.24503465135332458,0.3410375035899858,canada_huey
1902,392,0.2774527966976166,0.24486809266560114,0.3406321851963249,delta_harnish_crescent_vg
1317,471,0.2772279977798462,0.2446921028363931,0.34020391624289925,delta_harnish_crescent_vg
1482,1542,0.2771536111831665,0.24463386048416216,0.3400621842385714,canada_huey
1791,178,0.2766820788383484,0.24426458664871628,0.3391635611775369,delta_harnish_crescent_vg
1327,412,0.2762865722179413,0.2439547460845499,0.3384095682067984,delta_harnish_crescent_vg
1318,442,0.27566996216773987,0.2434715011280684,0.3372335979095838,delta_harnish_crescent_vg
1534,1585,0.2756583094596863,0.243462366507343,0.33721136892921816,canada_huey
1318,443,0.27527934312820435,0.24316524726267197,0.3364883331235101,delta_harnish_crescent_vg
1313,470,0.2747955918312073,0.24278584562535688,0.3355650641887536,delta_harnish_crescent_vg
860,752,0.2746875584125519,0.24270109635473727,0.3353588279443344,delta_harnish_crescent_vg
862,755,0.27433860301971436,0.24242730128719558,0.3346925512193848,delta_harnish_crescent_vg
1316,471,0.2741691768169403,0.242294340183946,0.33436899210922905,delta_harnish_crescent_vg
1327,411,0.27405327558517456,0.24220337384642202,0.33414762671360554,delta_harnish_crescent_vg
1712,258,0.2732822000980377,0.24159797615299072,0.3326743993246205,delta_harnish_crescent_vg
1312,471,0.2728813588619232,0.24128311716601367,0.3319081940874422,delta_harnish_crescent_vg
1316,442,0.27201899886131287,0.24060540101811026,0.3302589806829613,delta_harnish_crescent_vg
1477,1540,0.27194929122924805,0.2405505987374735,0.3301256200479788,canada_huey
697,452,0.2718528211116791,0.2404747515501886,0.3299410469072186,delta_harnish_crescent_vg
694,449,0.27173125743865967,0.24037916699755904,0.3297084431453846,delta_harnish_crescent_vg
1792,178,0.27124500274658203,0.23999673739676636,0.32877780570100795,delta_harnish_crescent_vg
852,789,0.27079063653945923,0.23963925522386562,0.3279078774969438,delta_harnish_crescent_vg
794,416,0.2703634202480316,0.23930301721081682,0.32708964667872936,delta_harnish_crescent_vg
1793,179,0.26977667212486267,0.23884103628672024,0.32596542212691426,delta_harnish_crescent_vg
1308,470,0.2694762051105499,0.23860437847417326,0.325389518427504,delta_harnish_crescent_vg
736,489,0.269450306892395,0.23858397755430938,0.3253398730551644,delta_harnish_crescent_vg
1589,172,0.269382119178772,0.23853026174940692,0.32520915634470726,delta_harnish_crescent_vg
1588,170,0.2687930464744568,0.23806609148813965,0.3240796040694492,delta_harnish_crescent_vg
819,462,0.2687005400657654,0.237993179848699,0.323902174546071,delta_harnish_crescent_vg
692,449,0.26839515566825867,0.23775244442867124,0.3233163480420525,delta_harnish_crescent_vg
865,758,0.26794666051864624,0.23739878929321226,0.32245573288367557,delta_harnish_crescent_vg
853,790,0.26784130930900574,0.23731569779585157,0.32225353080885477,delta_harnish_crescent_vg
827,432,0.26707175374031067,0.23670853252178042,0.3207760020354424,delta_harnish_crescent_vg
1587,171,0.26683542132377625,0.2365219965511297,0.3203220691844003,delta_harnish_crescent_vg
1484,1547,0.2667141854763031,0.236426292210279,0.3200891739194929,canada_huey
1327,409,0.26668813824653625,0.2364057291678251,0.32003913402394546,delta_harnish_crescent_vg
1316,441,0.2665598690509796,0.23630446060249177,0.3197926982913501,delta_harnish_crescent_vg
853,746,0.26645228266716003,0.23621951321381754,0.3195859799292296,delta_harnish_crescent_vg
690,448,0.2660920023918152,0.23593499279701707,0.318893603206781,delta_harnish_crescent_vg
1477,1543,0.26597076654434204,0.23583923225817646,0.31866057118479835,canada_huey
859,757,0.26582369208335876,0.23572305026666643,0.31837784382416157,delta_harnish_crescent_vg
1324,393,0.26562947034835815,0.23556960343362676,0.3180044329578172,delta_harnish_crescent_vg
1479,1542,0.26556241512298584,0.23551662031071705,0.31787549921943087,canada_huey
761,489,0.2648716866970062,0.23497068359366238,0.31654696934073423,delta_harnish_crescent_vg
1483,1543,0.26475778222084045,0.23488062734025267,0.31632781862292986,canada_huey
1792,179,0.26462942361831665,0.23477913350622232,0.3160808347018991,delta_harnish_crescent_vg
869,809,0.26361769437789917,0.23397879299581825,0.3141332165110225,delta_harnish_crescent_vg
696,449,0.26340997219085693,0.23381439258955589,0.3137331502671403,delta_harnish_crescent_vg
1623,178,0.26284924149513245,0.2333704708400417,0.3126528724810726,delta_harnish_crescent_vg
853,743,0.2626447379589081,0.23320851952411295,0.3122587660665666,delta_harnish_crescent_vg
1318,470,0.262433260679245,0.23304101794176849,0.31185115315114637,delta_harnish_crescent_vg
2166,1740,0.26232853531837463,0.2329580593346663,0.3116492744630359,canada_huey
1847,1846,0.2618860602378845,0.2326074749700872,0.3107961319855342,canada_huey
1325,392,0.2612478733062744,0.2321016065048939,0.3095651076750142,delta_harnish_crescent_vg
764,487,0.2608797252178192,0.23180967195623325,0.3088546887594082,delta_harnish_crescent_vg
691,449,0.2607592046260834,0.23171408286106088,0.3086220739433555,delta_harnish_crescent_vg
1793,180,0.26041245460510254,0.23143901232241063,0.3079526933761029,delta_harnish_crescent_vg
1616,183,0.2602640688419342,0.2313212774508716,0.3076661871021744,delta_harnish_crescent_vg
1324,392,0.25850018858909607,0.22992068544550362,0.30425786472914607,delta_harnish_crescent_vg
1292,468,0.25836455821990967,0.22981290820440264,0.3039955902189819,delta_harnish_crescent_vg
1476,1542,0.2582387626171112,0.22971293567248896,0.3037523083668053,canada_huey
1591,176,0.258129745721817,0.22962628946387434,0.30354145594852255,delta_harnish_crescent_vg
792,430,0.2579619884490967,0.22949294196251688,0.30321695654361225,delta_harnish_crescent_vg
793,430,0.2579619884490967,0.22949294196251688,0.30321695654361225,delta_harnish_crescent_vg
1318,435,0.25762173533439636,0.22922242572920026,0.3025586588189739,delta_harnish_crescent_vg
1290,464,0.2568216919898987,0.228586067509483,0.30101008939318097,delta_harnish_crescent_vg
1478,1540,0.25640955567359924,0.22825809425164853,0.30021197074895917,canada_huey
768,485,0.25627607107162476,0.228151845701747,0.2999534162888857,delta_harnish_crescent_vg
1612,189,0.2557206153869629,0.2277096033240328,0.29887722523218424,delta_harnish_crescent_vg
695,449,0.2556803822517395,0.22767756293282118,0.29879925535816765,delta_harnish_crescent_vg
1327,406,0.2555621266365051,0.22758338197267636,0.2985700672203341,delta_harnish_crescent_vg
860,755,0.2554910480976105,0.22752676944082811,0.2984323013626449,delta_harnish_crescent_vg
768,484,0.2554173469543457,0.22746806467610536,0.29828944408355074,delta_harnish_crescent_vg
762,488,0.2553332448005676,0.2274010710415439,0.2981264159478401,delta_harnish_crescent_vg
818,462,0.2552371323108673,0.22732450478343497,0.2979400929576106,delta_harnish_crescent_vg
851,786,0.25478577613830566,0.22696486170933608,0.2970649062286717,delta_harnish_crescent_vg
1314,471,0.2547324001789093,0.22692232289857303,0.2969613885876385,delta_harnish_crescent_vg
1623,179,0.2546214759349823,0.2268339142886475,0.2967462473887578,delta_harnish_crescent_vg
1312,434,0.25452500581741333,0.22675701952118923,0.2965591249753124,delta_harnish_crescent_vg
859,801,0.2545163035392761,0.2267500827855486,0.29654224451962713,delta_harnish_crescent_vg
1289,466,0.25425437092781067,0.22654126926976334,0.29603409955313165,delta_harnish_crescent_vg
1879,1839,0.25425243377685547,0.2265397248043853,0.29603034111678317,canada_huey
866,806,0.2540411353111267,0.22637124495112362,0.29562034759184835,delta_harnish_crescent_vg
1865,1927,0.2539084255695343,0.2262654136825955,0.29536280858055325,canada_huey
865,759,0.2537062168121338,0.22610413789929035,0.2949703460658738,delta_harnish_crescent_vg
456,916,0.2537062168121338,0.22610413789929035,0.2949703460658738,delta_harnish_crescent_vg
690,449,0.2535370886325836,0.22596922623799331,0.29464204029815644,delta_harnish_crescent_vg
1289,467,0.25348132848739624,0.2259247430025964,0.29453379092514353,delta_harnish_crescent_vg
1326,407,0.2534637153148651,0.22591069149989199,0.29449959677662735,delta_harnish_crescent_vg
1589,174,0.25311678647994995,0.22563387706135146,0.29382597245174263,delta_harnish_crescent_vg
1310,437,0.25306323170661926,0.22559113889174656,0.29372196967356856,delta_harnish_crescent_vg
1304,473,0.25282564759254456,0.22540151826111984,0.2932605303427172,delta_harnish_crescent_vg
1316,478,0.25273773074150085,0.22533134094943016,0.2930897547702491,delta_harnish_crescent_vg
1329,407,0.25198638439178467,0.22473139753233864,0.29162980029158075,delta_harnish_crescent_vg
2013,1757,0.25184881687164307,0.2246215120892307,0.2913623954993361,canada_huey
819,461,0.25124263763427734,0.2241371676214129,0.29018374955562876,delta_harnish_crescent_vg
820,460,0.2510744333267212,0.22400272877690236,0.289856594381393,delta_harnish_crescent_vg
862,765,0.250774621963501,0.22376305695176052,0.28927335612165384,delta_harnish_crescent_vg
1289,464,0.2504090964794159,0.2234707749542471,0.2885620916937974,delta_harnish_crescent_vg
2439,1564,0.25002750754356384,0.2231655571069316,0.2878193480442078,canada_huey
1577,1740,0.25000903010368347,0.22315077537106298,0.2877833768828131,canada_huey
1575,1385,0.24963900446891785,0.2228547131796259,0.28706291340235957,canada_huey
761,486,0.2492172122001648,0.22251712491028475,0.2862413967530731,delta_harnish_crescent_vg
1317,441,0.24918009340763092,0.22248741082721774,0.28616908791957757,delta_harnish_crescent_vg
1308,469,0.2489558458328247,0.2223078789035253,0.2857321993254341,delta_harnish_crescent_vg
871,739,0.24879509210586548,0.22217916012317016,0.28541896385269694,delta_harnish_crescent_vg
870,740,0.24879509210586548,0.22217916012317016,0.28541896385269694,delta_harnish_crescent_vg
851,785,0.24846753478050232,0.2219168270199434,0.28478057966837567,delta_harnish_crescent_vg
696,447,0.24824239313602448,0.22173647635720062,0.28434169868343445,delta_harnish_crescent_vg
766,486,0.24822190403938293,0.2217200618651807,0.28430175423124643,delta_harnish_crescent_vg
1289,465,0.24800711870193481,0.22154797401905646,0.2838829807027502,delta_harnish_crescent_vg
865,727,0.24798338115215302,0.2215289534740793,0.2838366944546891,delta_harnish_crescent_vg
667,500,0.24751760065555573,0.22115565728593775,0.2829282830508451,delta_harnish_crescent_vg
826,458,0.24749283492565155,0.22113580508047054,0.28287997296783124,delta_harnish_crescent_vg
1289,463,0.24723389744758606,0.22092821723075923,0.2823748106437367,delta_harnish_crescent_vg
869,742,0.2471385896205902,0.22085179895118282,0.28218884775733555,delta_harnish_crescent_vg
697,447,0.24702444672584534,0.22076027093704648,0.28196611552900347,delta_harnish_crescent_vg
861,755,0.24690833687782288,0.22066715708179765,0.2817395241770129,delta_harnish_crescent_vg
853,747,0.24682986736297607,0.2206042238398565,0.28158637695377225,delta_harnish_crescent_vg
1482,1541,0.2468099445104599,0.22058824490623366,0.2815474924272612,canada_huey
1642,197,0.24655431509017944,0.22038319711171922,0.2810485112943509,delta_harnish_crescent_vg
1480,1544,0.24649594724178314,0.22033637266594783,0.2809345646164349,canada_huey
860,801,0.2463691681623459,0.22023465911653584,0.28068704602088934,delta_harnish_crescent_vg
1314,470,0.24620099365711212,0.22009971847729926,0.2803586697357342,delta_harnish_crescent_vg
792,431,0.24617837369441986,0.22008156717738947,0.28031449878420445,delta_harnish_crescent_vg
756,483,0.24612534046173096,0.22003900957704914,0.28021093541898,delta_harnish_crescent_vg
1327,410,0.24600724875926971,0.21994423797215107,0.2799803099548449,delta_harnish_crescent_vg
472,888,0.24596747756004333,0.21991231854792118,0.27990263445240027,delta_harnish_crescent_vg
1318,476,0.24575863778591156,0.2197446919589999,0.27949471733510617,delta_harnish_crescent_vg
208,1881,0.2457498461008072,0.21973763463998108,0.27947754344134323,green_bowles
894,448,0.24556204676628113,0.21958687123262172,0.27911066265638407,delta_harnish_crescent_vg
827,462,0.24545623362064362,0.21950191549662068,0.2789039239811527,delta_harnish_crescent_vg
826,459,0.24541254341602325,0.21946683520252602,0.27881855654312865,delta_harnish_crescent_vg
1311,435,0.24530816078186035,0.21938301798926071,0.2786145884481216,delta_harnish_crescent_vg
828,462,0.24477559328079224,0.21895526730953394,0.27757366274941475,delta_harnish_crescent_vg
863,754,0.24468842148780823,0.21888523473022972,0.27740323938131856,delta_harnish_crescent_vg
1316,443,0.24466906487941742,0.21886968324074121,0.27736539503453206,delta_harnish_crescent_vg
759,487,0.24441468715667725,0.21866528857268902,0.2768680032763469,delta_harnish_crescent_vg
1313,440,0.24437551200389862,0.21863380729090393,0.2767913939878257,delta_harnish_crescent_vg
1531,144,0.2442043125629425,0.21849621922598744,0.2764565752268166,delta_harnish_crescent_vg
1614,191,0.2441903054714203,0.2184849612917186,0.2764291791906437,delta_harnish_crescent_vg
1599,181,0.2439160794019699,0.2182645317536346,0.2758927667854261,delta_harnish_crescent_vg
1310,469,0.24371221661567688,0.21810063042876565,0.2754939150496038,delta_harnish_crescent_vg
794,431,0.243570938706398,0.2179870302468736,0.2752174704889903,delta_harnish_crescent_vg
829,462,0.243570938706398,0.2179870302468736,0.2752174704889903,delta_harnish_crescent_vg
1619,181,0.24355493485927582,0.21797416089651822,0.2751861530927932,delta_harnish_crescent_vg
830,440,0.24322013556957245,0.21770489706505441,0.27453090307172495,delta_harnish_crescent_vg
1483,1542,0.2431924194097519,0.21768260296927677,0.2744766506804974,canada_huey
1308,472,0.2429894506931305,0.21751932552001765,0.2740793171378326,delta_harnish_crescent_vg
1613,176,0.2429027408361435,0.21744956396131643,0.27390955329483807,delta_harnish_crescent_vg
1552,1632,0.2428138554096222,0.21737804701791794,0.27373551774608335,canada_huey
1546,1601,0.24271202087402344,0.217296104973679,0.2735361128504386,canada_huey
1318,477,0.24268704652786255,0.21727600812364853,0.2734872074280717,delta_harnish_crescent_vg
1317,478,0.24268704652786255,0.21727600812364853,0.2734872074280717,delta_harnish_crescent_vg
820,462,0.24251651763916016,0.21713877277485955,0.2731532469971574,delta_harnish_crescent_vg
1606,176,0.2422136515378952,0.2168949908893881,0.27256000695922566,delta_harnish_crescent_vg
1623,176,0.2422136515378952,0.2168949908893881,0.27256000695922566,delta_harnish_crescent_vg
1622,178,0.2422136515378952,0.2168949908893881,0.27256000695922566,delta_harnish_crescent_vg
1749,141,0.24220189452171326,0.2168855262761106,0.2725369749462896,delta_harnish_crescent_vg
1551,1642,0.24210458993911743,0.21680719086680889,0.2723463467497127,canada_huey
1017,456,0.24208785593509674,0.2167937184773821,0.2723135618658025,delta_harnish_crescent_vg
1565,1393,0.24208785593509674,0.2167937184773821,0.2723135618658025,canada_huey
794,466,0.24197490513324738,0.21670277810043395,0.27209225964490164,delta_harnish_crescent_vg
1585,166,0.24183633923530579,0.21659120287635078,0.2718207427926985,delta_harnish_crescent_vg
1055,455,0.24148070812225342,0.21630478667680675,0.27112375270767575,delta_harnish_crescent_vg
1546,1634,0.2413496971130371,0.2161992530817117,0.27086693808079654,canada_huey
852,788,0.24096427857875824,0.21588872142362955,0.27011126334203,delta_harnish_crescent_vg
1315,441,0.24096032977104187,0.2158855393707154,0.27010351985777625,delta_harnish_crescent_vg
1483,1548,0.24081279337406158,0.21576664341219431,0.26981418809382435,canada_huey
743,493,0.2407602071762085,0.21572426206951426,0.26971105364931675,delta_harnish_crescent_vg
861,754,0.24046355485916138,0.21548514432205462,0.2691291637303887,delta_harnish_crescent_vg
1593,180,0.2403235137462616,0.21537224377140216,0.2688544217132694,delta_harnish_crescent_vg
1792,180,0.24002870917320251,0.21513453190796342,0.26827595299476514,delta_harnish_crescent_vg
1326,406,0.2399863749742508,0.2151003916325865,0.2681928730800273,delta_harnish_crescent_vg
751,492,0.23957759141921997,0.2147706695005708,0.26739049857330116,delta_harnish_crescent_vg
869,743,0.23955193161964417,0.21474996884791167,0.26734012380511457,delta_harnish_crescent_vg
1328,413,0.23953242599964142,0.214734232699246,0.2673018300926294,delta_harnish_crescent_vg
1086,500,0.23897317051887512,0.21428294827120736,0.2662036353244255,delta_harnish_crescent_vg
1611,189,0.23888707160949707,0.21421345370654318,0.2660345212079369,delta_harnish_crescent_vg
868,450,0.23885831236839294,0.21419023966583392,0.2659780301427198,delta_harnish_crescent_vg
865,762,0.23881664872169495,0.21415660842093198,0.26589618894700207,delta_harnish_crescent_vg
851,787,0.23859044909477234,0.21397399844314466,0.2654518099483748,delta_harnish_crescent_vg
827,459,0.23855870962142944,0.21394837263596794,0.26538944988092295,delta_harnish_crescent_vg
950,645,0.23852135241031647,0.21391821033989328,0.2653160503269206,delta_harnish_crescent_vg
896,448,0.23833335936069489,0.21376641051967035,0.26494664744477897,delta_harnish_crescent_vg
866,451,0.23825955390930176,0.21370680811103912,0.26480160576094414,delta_harnish_crescent_vg
674,480,0.23811213672161102,0.21358774909544578,0.2645118771997341,delta_harnish_crescent_vg
1319,476,0.23803934454917908,0.21352895449180095,0.26436880129879514,delta_harnish_crescent_vg
1577,1741,0.23793365061283112,0.21344357881394124,0.2641610407005292,canada_huey
1330,412,0.2378692775964737,0.2133915770850165,0.2640344951716021,delta_harnish_crescent_vg
1604,181,0.2374146282672882,0.21302422582222091,0.26314055066603037,delta_harnish_crescent_vg
457,913,0.23725441098213196,0.21289473999374126,0.26282544859168905,delta_harnish_crescent_vg
743,492,0.23718680441379547,0.21284009608631466,0.2626924733558474,delta_harnish_crescent_vg
207,1879,0.2369503378868103,0.21264894538277257,0.2622273106125177,green_bowles
1318,440,0.2368934005498886,0.21260291390871697,0.26211529362092706,delta_harnish_crescent_vg
829,440,0.2367764115333557,0.2125083264936556,0.2618851163803567,delta_harnish_crescent_vg
793,416,0.23675084114074707,0.21248765124733932,0.26183480343817395,delta_harnish_crescent_vg
791,454,0.23674167692661285,0.21248024130850401,0.2618167714486878,delta_harnish_crescent_vg
834,462,0.23652470111846924,0.21230478442231793,0.26138979940515344,delta_harnish_crescent_vg
1317,442,0.2364877462387085,0.21227489789279158,0.2613170709254488,delta_harnish_crescent_vg
865,452,0.23634883761405945,0.21216255029513614,0.261043674512234,delta_harnish_crescent_vg
867,747,0.23600617051124573,0.21188535134605177,0.26036911448595706,delta_harnish_crescent_vg
205,1877,0.23600617051124573,0.21188535134605177,0.26036911448595706,green_bowles
1318,441,0.2356063425540924,0.21156181522659337,0.2595817935600868,delta_harnish_crescent_vg
898,448,0.23546285927295685,0.21144568470204897,0.2592991914436395,delta_harnish_crescent_vg
1773,185,0.235139399766922,0.21118383801531546,0.2586619909475088,delta_harnish_crescent_vg
830,461,0.23480106890201569,0.21090987929338342,0.2579953159717353,delta_harnish_crescent_vg
693,448,0.23469726741313934,0.2108258124305627,0.25779074035779204,delta_harnish_crescent_vg
862,754,0.2346630096435547,0.21079806615967212,0.2577232201695559,delta_harnish_crescent_vg
737,489,0.23459285497665405,0.21074124364247193,0.2575849433152522,delta_harnish_crescent_vg
891,448,0.23446157574653625,0.21063490396149287,0.25732616708889045,delta_harnish_crescent_vg
1588,173,0.23444382846355438,0.21062052732077435,0.2572911817212587,delta_harnish_crescent_vg
1619,192,0.23442041873931885,0.21060156335848865,0.25724503316643904,delta_harnish_crescent_vg
1748,142,0.2342773824930191,0.21048568344285992,0.2569630409035186,delta_harnish_crescent_vg
1496,1548,0.2342587560415268,0.2104705923520698,0.25692631693095824,canada_huey
669,500,0.23423856496810913,0.21045423335240937,0.25688650751870307,delta_harnish_crescent_vg
892,449,0.23389874398708344,0.2101788670006752,0.25621640709417,delta_harnish_crescent_vg
694,447,0.23383772373199463,0.21012941256670345,0.2560960603742791,delta_harnish_crescent_vg
1622,176,0.2336643636226654,0.20998889790574093,0.2557541197799722,delta_harnish_crescent_vg
1315,470,0.23357976973056793,0.20992032431710653,0.2555872468466371,delta_harnish_crescent_vg
865,761,0.2335163652896881,0.20986892426017825,0.255462165478664,delta_harnish_crescent_vg
796,453,0.23328013718128204,0.20967739803668023,0.2549960889124206,delta_harnish_crescent_vg
1598,177,0.23307505249977112,0.2095110921592124,0.2545913857292186,delta_harnish_crescent_vg
1308,471,0.23307141661643982,0.20950814352386019,0.25458421026355665,delta_harnish_crescent_vg
1562,1387,0.23295772075653076,0.20941593385912707,0.2543598192473901,canada_huey
1528,1569,0.23289187252521515,0.20936252571005695,0.25422985121338726,canada_huey
692,448,0.23277927935123444,0.2092711970882549,0.2540076042036994,delta_harnish_crescent_vg
893,448,0.2325109988451004,0.2090535509071412,0.2534779650613575,delta_harnish_crescent_vg
693,447,0.2324959635734558,0.20904135193823442,0.2534482790296698,delta_harnish_crescent_vg
749,469,0.2324289232492447,0.20898695650851074,0.2533159084610766,delta_harnish_crescent_vg
1310,438,0.23234327137470245,0.20891745566395925,0.25314677906256416,delta_harnish_crescent_vg
853,788,0.23217441141605377,0.20878042279940157,0.2528133113743851,delta_harnish_crescent_vg
872,451,0.2321031242609024,0.2087225663655063,0.25267251849729233,delta_harnish_crescent_vg
1582,165,0.2319341003894806,0.20858537373708658,0.2523386620258393,delta_harnish_crescent_vg
1327,413,0.2319054752588272,0.20856213754026792,0.25228211704401904,delta_harnish_crescent_vg
1574,1385,0.231843963265419,0.20851220389648162,0.2521606041732962,canada_huey
1479,1540,0.23175828158855438,0.20844264585229802,0.2519913355802253,canada_huey
1475,1542,0.23170149326324463,0.20839654132410598,0.25187914081234675,canada_huey
864,453,0.2316712737083435,0.20837200621897872,0.25181943495410297,delta_harnish_crescent_vg
694,448,0.2316611409187317,0.20836377932312683,0.25179941491037494,delta_harnish_crescent_vg
865,728,0.23162034153938293,0.2083306532840257,0.25171880312638256,delta_harnish_crescent_vg
1538,146,0.23145633935928345,0.2081974847297426,0.25139473918684313,delta_harnish_crescent_vg
827,460,0.2312842756509781,0.20805775120885403,0.2510546994867155,delta_harnish_crescent_vg
1550,1452,0.2310420572757721,0.20786101174930452,0.2505759365785523,canada_huey
1123,991,0.23103004693984985,0.20785125546645497,0.2505521947915178,delta_harnish_crescent_vg
794,432,0.23094375431537628,0.20778115510676398,0.2503816064807346,delta_harnish_crescent_vg
1291,463,0.23093293607234955,0.20777236649190844,0.2503602195011394,delta_harnish_crescent_vg
1612,176,0.23092801868915558,0.20776837164144019,0.25035049808464144,delta_harnish_crescent_vg
1586,167,0.23088586330413818,0.20773412422303877,0.2502671574387513,delta_harnish_crescent_vg
1591,170,0.23088586330413818,0.20773412422303877,0.2502671574387513,delta_harnish_crescent_vg
677,481,0.23087772727012634,0.2077275142999389,0.2502510722771204,delta_harnish_crescent_vg
685,481,0.2308335155248642,0.20769159477818647,0.2501636625895396,delta_harnish_crescent_vg
1607,176,0.23073233664035797,0.20760938784923172,0.24996361310039464,delta_harnish_crescent_vg
749,493,0.23066584765911102,0.20755536247317738,0.24983214305257803,delta_harnish_crescent_vg
943,1765,0.23059314489364624,0.2074962847688757,0.24968837822988385,green_bowles
865,760,0.23056288063526154,0.2074716912379721,0.2496285301932756,delta_harnish_crescent_vg
890,447,0.23055030405521393,0.20746147100094606,0.2496036593798053,delta_harnish_crescent_vg
891,450,0.23055030405521393,0.20746147100094606,0.2496036593798053,delta_harnish_crescent_vg
893,449,0.23049978911876678,0.2074204194704678,0.24950376101594213,delta_harnish_crescent_vg
1594,177,0.2304711639881134,0.2073971561884542,0.24944715012265334,delta_harnish_crescent_vg
1598,180,0.2304711639881134,0.2073971561884542,0.24944715012265334,delta_harnish_crescent_vg
1614,189,0.23040860891342163,0.20734631658597213,0.24932343261326348,delta_harnish_crescent_vg
891,447,0.23034191131591797,0.20729210743557538,0.24919151535298212,delta_harnish_crescent_vg
1319,470,0.2301350235939026,0.20712393863905665,0.24878227878057327,delta_harnish_crescent_vg
1605,181,0.23005196452140808,0.20705641607030287,0.2486179634904061,delta_harnish_crescent_vg
720,416,0.2299032360315323,0.20693549639662462,0.24832370704202048,delta_harnish_crescent_vg
798,417,0.22989799082279205,0.20693123165467475,0.24831332884812304,delta_harnish_crescent_vg
822,459,0.22988463938236237,0.206920375865821,0.24828691142757134,delta_harnish_crescent_vg
887,451,0.22976350784301758,0.206821880851744,0.2480472250957747,delta_harnish_crescent_vg
1329,412,0.22973452508449554,0.2067983128243373,0.24798987260854752,delta_harnish_crescent_vg
826,462,0.22949057817459106,0.20659991950899473,0.247507085063888,delta_harnish_crescent_vg
796,433,0.2294747680425644,0.20658706033466662,0.2474757924309205,delta_harnish_crescent_vg
897,448,0.22939147055149078,0.20651930757138243,0.24731091696536667,delta_harnish_crescent_vg
1542,1595,0.22936317324638367,0.20649628997979008,0.24725490395651276,canada_huey
1658,1414,0.2293173223733902,0.20645899284168656,0.24716414185751395,canada_huey
1314,440,0.22923406958580017,0.20639126776756841,0.24699933377318445,delta_harnish_crescent_vg
797,416,0.22901608049869537,0.20621391471204745,0.2465677474263109,delta_harnish_crescent_vg
782,467,0.22897954285144806,0.20618418508445746,0.24649540076542154,delta_harnish_crescent_vg
1598,176,0.22881537675857544,0.20605059697113937,0.24617031583444401,delta_harnish_crescent_vg
1542,1627,0.22865942120552063,0.2059236735508924,0.2458614493471079,canada_huey
1596,176,0.2286393642425537,0.20590734915185216,0.24582172413501058,delta_harnish_crescent_vg
1312,469,0.22844140231609344,0.20574621327908565,0.2454296020908017,delta_harnish_crescent_vg
1908,1862,0.22839286923408508,0.20570670464590132,0.24533345834737474,canada_huey
826,460,0.22837407886981964,0.20569140782315604,0.24529623372878548,delta_harnish_crescent_vg
688,448,0.22831247746944427,0.20564125783537732,0.24517419438777951,delta_harnish_crescent_vg
1311,469,0.22826282680034637,0.2056008351631976,0.24507582634238181,delta_harnish_crescent_vg
767,485,0.22821113467216492,0.20555874871815497,0.24497340952742766,delta_harnish_crescent_vg
738,487,0.22815796732902527,0.20551545934189255,0.24486806539504355,delta_harnish_crescent_vg
757,275,0.22812648117542267,0.2054898221209074,0.24480567755223775,delta_harnish_crescent_vg
889,449,0.22809439897537231,0.20546369890022198,0.24474210703550164,delta_harnish_crescent_vg
1637,199,0.22788310050964355,0.20529163016889654,0.24432338002261897,delta_harnish_crescent_vg
920,1791,0.2278536707162857,0.2052676619702654,0.24426505372393773,green_bowles
1056,454,0.22780154645442963,0.20522520954331278,0.24416174629678014,delta_harnish_crescent_vg
795,432,0.22765979170799255,0.20510974875849697,0.24388077398322497,delta_harnish_crescent_vg
691,448,0.22765594720840454,0.2051066171860258,0.24387315334247067,delta_harnish_crescent_vg
784,422,0.22755619883537292,0.20502536280379471,0.24367542186335087,delta_harnish_crescent_vg
831,462,0.22753813862800598,0.20501065036925264,0.24363961934583023,delta_harnish_crescent_vg
1615,183,0.22746847569942474,0.20495389864549485,0.24350151476644502,delta_harnish_crescent_vg
1328,412,0.22739338874816895,0.20489272457100485,0.24335264845424673,delta_harnish_crescent_vg
1610,177,0.22724732756614685,0.2047737163746332,0.2430630435609497,delta_harnish_crescent_vg
1562,1395,0.22716963291168213,0.20471040630487589,0.24290897933213443,canada_huey
494,788,0.2271135300397873,0.20466468796825402,0.24279772435640365,delta_harnish_crescent_vg
761,487,0.22692222893238068,0.20450878061678637,0.24241832585056458,delta_harnish_crescent_vg
853,745,0.22675807774066925,0.20437498063354498,0.24209272533689274,delta_harnish_crescent_vg
792,429,0.2267191857099533,0.20434327703367994,0.24201557504022433,delta_harnish_crescent_vg
793,431,0.2267191857099533,0.20434327703367994,0.24201557504022433,delta_harnish_crescent_vg
1325,398,0.22663851082324982,0.20427751011608242,0.24185553210424182,delta_harnish_crescent_vg
673,480,0.22656983137130737,0.20422151857979165,0.24171927743114027,delta_harnish_crescent_vg
769,484,0.2264733463525772,0.20414285301070906,0.24152784579504383,delta_harnish_crescent_vg
1567,1396,0.22622309625148773,0.2039387918006784,0.24103126550260381,canada_huey
209,1883,0.22618676722049713,0.20390916459069658,0.24095916807362777,green_bowles
692,450,0.22618280351161957,0.2039059320364153,0.240951301694956,delta_harnish_crescent_vg
1331,409,0.22616373002529144,0.20389037674186972,0.2409134480886127,delta_harnish_crescent_vg
1564,1393,0.22609663009643555,0.20383565177875912,0.24078027560482146,canada_huey
456,913,0.2260713428258896,0.20381502735920376,0.24073008634889836,delta_harnish_crescent_vg
825,459,0.2259918451309204,0.20375018588579683,0.24057229546928036,delta_harnish_crescent_vg
867,761,0.22571346163749695,0.20352309212061115,0.2400196657543519,delta_harnish_crescent_vg
1931,1868,0.22571346163749695,0.20352309212061115,0.2400196657543519,canada_huey
679,481,0.22566165030002594,0.2034808208768293,0.23991679923407677,delta_harnish_crescent_vg
867,746,0.22551369667053223,0.20336010031731794,0.2396230273274186,delta_harnish_crescent_vg
471,885,0.22546474635601044,0.20332015682889798,0.23952582536944889,delta_harnish_crescent_vg
472,889,0.22532816231250763,0.2032086957232606,0.23925458622299486,delta_harnish_crescent_vg
1902,391,0.22527404129505157,0.2031645261576043,0.2391471001612036,delta_harnish_crescent_vg
737,487,0.22526471316814423,0.20315691303425304,0.2391285737248486,delta_harnish_crescent_vg
799,452,0.22518546879291534,0.2030922356326557,0.23897118211183876,delta_harnish_crescent_vg
821,458,0.22510860860347748,0.20302950015108873,0.23881851613588867,delta_harnish_crescent_vg
866,746,0.2250967025756836,0.2030197817591322,0.23879486655584803,delta_harnish_crescent_vg
473,893,0.2250967025756836,0.2030197817591322,0.23879486655584803,delta_harnish_crescent_vg
1619,177,0.22506433725357056,0.20299336282454888,0.23873057642319925,delta_harnish_crescent_vg
1309,470,0.22489434480667114,0.20285459113960827,0.2383928773383029,delta_harnish_crescent_vg
859,755,0.22489292919635773,0.20285343543900647,0.2383900649559656,delta_harnish_crescent_vg
1591,175,0.22482474148273468,0.20279776558410295,0.2382545930903233,delta_harnish_crescent_vg
1596,179,0.22482474148273468,0.20279776558410295,0.2382545930903233,delta_harnish_crescent_vg
739,488,0.22482474148273468,0.20279776558410295,0.2382545930903233,delta_harnish_crescent_vg
698,447,0.22476497292518616,0.20274896675284657,0.23813584177108735,delta_harnish_crescent_vg
1587,170,0.22445765137672424,0.20249801239122547,0.23752514760601712,delta_harnish_crescent_vg
1594,180,0.22443149983882904,0.20247665451319885,0.23747317348847286,delta_harnish_crescent_vg
681,481,0.22440224885940552,0.20245276479063973,0.23741503816028905,delta_harnish_crescent_vg
820,461,0.22437044978141785,0.2024267933495116,0.23735183699712553,delta_harnish_crescent_vg
894,449,0.22427932918071747,0.20235236816913235,0.2371707242916188,delta_harnish_crescent_vg
461,914,0.22423361241817474,0.20231502569748652,0.2370798518740362,delta_harnish_crescent_vg
1621,186,0.22419768571853638,0.20228567898911184,0.23700843704206173,delta_harnish_crescent_vg
1311,472,0.22411513328552246,0.20221824280824113,0.236844331975681,delta_harnish_crescent_vg
826,463,0.22385820746421814,0.202008333804764,0.23633352115417894,delta_harnish_crescent_vg
831,460,0.22375530004501343,0.2019242458399365,0.23612889418877755,delta_harnish_crescent_vg
891,449,0.22375240921974182,0.2019218835795353,0.2361231456589091,delta_harnish_crescent_vg
1313,433,0.22363781929016113,0.2018282410305625,0.23589526773763853,delta_harnish_crescent_vg
797,453,0.22344626486301422,0.20167168373955754,0.2355142876124145,delta_harnish_crescent_vg
1483,1541,0.22344626486301422,0.20167168373955754,0.2355142876124145,canada_huey
867,745,0.22332708537578583,0.20157426606308088,0.2352772229676134,delta_harnish_crescent_vg
1854,1840,0.22332708537578583,0.20157426606308088,0.2352772229676134,canada_huey
1563,1394,0.22325463593006134,0.20151504102668438,0.23513309961418857,canada_huey
472,893,0.22321349382400513,0.2014814071480659,0.23505125200935595,delta_harnish_crescent_vg
695,447,0.22315382957458496,0.20143262931420478,0.23493255178700745,delta_harnish_crescent_vg
823,455,0.22315046191215515,0.2014298760488473,0.23492585175167893,delta_harnish_crescent_vg
1495,620,0.22286905348300934,0.20119978104869196,0.23436591857060574,delta_harnish_crescent_vg
750,493,0.22281517088413239,0.20115571763416867,0.23425869082621184,delta_harnish_crescent_vg
1625,555,0.2227548509836197,0.20110638770291703,0.2341386470820661,delta_harnish_crescent_vg
844,462,0.2226777970790863,0.2010433690754198,0.23398529207418867,delta_harnish_crescent_vg
895,448,0.22256070375442505,0.20094759655694291,0.23375223089991737,delta_harnish_crescent_vg
496,792,0.22254669666290283,0.2009361393166434,0.2337243498551189,delta_harnish_crescent_vg
893,447,0.22251653671264648,0.2009114692387115,0.23366431554231593,delta_harnish_crescent_vg
922,447,0.22251653671264648,0.2009114692387115,0.23366431554231593,delta_harnish_crescent_vg
890,450,0.22243349254131317,0.20084353805781077,0.23349900589981987,delta_harnish_crescent_vg
1598,179,0.22240695357322693,0.2008218278737131,0.2334461744500479,delta_harnish_crescent_vg
862,766,0.22240695357322693,0.2008218278737131,0.2334461744500479,delta_harnish_crescent_vg
886,449,0.22239424288272858,0.20081142973539667,0.23342087071610831,delta_harnish_crescent_vg
821,459,0.2223907709121704,0.20080858942793522,0.23341395886495536,delta_harnish_crescent_vg
859,774,0.22232037782669067,0.2007510013684743,0.23327381907354736,delta_harnish_crescent_vg
1587,762,0.2223150134086609,0.20074661264200078,0.2332631391649291,delta_harnish_crescent_vg
670,500,0.22218312323093414,0.20063870486667637,0.23300054700143516,delta_harnish_crescent_vg
1527,123,0.2221698760986328,0.20062786589840534,0.2329741705135521,delta_harnish_crescent_vg
1279,480,0.22204536199569702,0.2005259811698406,0.23272623535577155,delta_harnish_crescent_vg
1323,392,0.22194822132587433,0.2004464877779293,0.23253278922362117,delta_harnish_crescent_vg
1042,474,0.22194822132587433,0.2004464877779293,0.23253278922362117,delta_harnish_crescent_vg
907,447,0.22185440361499786,0.2003697076730509,0.23234594584006793,delta_harnish_crescent_vg
1295,470,0.22185440361499786,0.2003697076730509,0.23234594584006793,delta_harnish_crescent_vg
911,448,0.2217712551355362,0.20030165430391392,0.23218033885409303,delta_harnish_crescent_vg
1312,440,0.22174668312072754,0.2002815423052052,0.23213139656761525,delta_harnish_crescent_vg
1295,472,0.22171072661876678,0.200252111465265,0.23205977700257363,delta_harnish_crescent_vg
795,431,0.22158940136432648,0.20015279885675613,0.2318181010653933,delta_harnish_crescent_vg
791,430,0.22151514887809753,0.20009201350375563,0.23167018070186846,delta_harnish_crescent_vg
1590,175,0.2214653640985489,0.20005125609346022,0.23157099807563317,delta_harnish_crescent_vg
1310,436,0.22143720090389252,0.20002819893591242,0.23151488878354282,delta_harnish_crescent_vg
201,1875,0.221298947930336,0.1999150037602729,0.23123942980036116,green_bowles
890,448,0.2212425023317337,0.19986878501658994,0.23112695709057549,delta_harnish_crescent_vg
830,439,0.22123953700065613,0.1998663568873101,0.23112104826965021,delta_harnish_crescent_vg
892,447,0.2212086021900177,0.19984102590063021,0.23105940564403113,delta_harnish_crescent_vg
847,462,0.22110863029956818,0.1997591594754374,0.23086018476634865,delta_harnish_crescent_vg
827,461,0.22101111710071564,0.19967930000170916,0.2306658477788726,delta_harnish_crescent_vg
798,460,0.22096744179725647,0.19964352957833287,0.23057880092024508,delta_harnish_crescent_vg
866,760,0.22087346017360687,0.19956655353651118,0.23039148072669655,delta_harnish_crescent_vg
1312,470,0.220829576253891,0.19953060819912502,0.23030400821710795,delta_harnish_crescent_vg
657,504,0.22080841660499573,0.1995132758599677,0.2302618301958852,delta_harnish_crescent_vg
855,742,0.22077676653862,0.199487350025722,0.23019874001647506,delta_harnish_crescent_vg
477,891,0.22076189517974854,0.19947516806923296,0.23016909538428404,delta_harnish_crescent_vg
888,449,0.2205786406993866,0.19932504195776846,0.2298037654505709,delta_harnish_crescent_vg
658,504,0.22048307955265045,0.19924674721741661,0.22961323622135293,delta_harnish_crescent_vg
690,453,0.22015602886676788,0.19897874308135904,0.22896105165262182,delta_harnish_crescent_vg
762,485,0.2201191484928131,0.19894851667550142,0.22888749608829909,delta_harnish_crescent_vg
797,418,0.2200900912284851,0.19892470128798762,0.22882954165347827,delta_harnish_crescent_vg
864,452,0.22000113129615784,0.19885178603666792,0.22865210334063954,delta_harnish_crescent_vg
822,458,0.22000113129615784,0.19885178603666792,0.22865210334063954,delta_harnish_crescent_vg
1070,453,0.2199871838092804,0.1988403536156262,0.22862428269318114,delta_harnish_crescent_vg
892,448,0.21993790566921234,0.1987999604574204,0.22852598646965394,delta_harnish_crescent_vg
763,488,0.21972841024398804,0.19862821940875916,0.22810805686825966,delta_harnish_crescent_vg
762,487,0.21972021460533142,0.19862150015378233,0.2280917056489325,delta_harnish_crescent_vg
802,451,0.21954146027565002,0.19847493586193765,0.22773504335679698,delta_harnish_crescent_vg
827,458,0.2195138782262802,0.19845231886843562,0.22768000519816964,delta_harnish_crescent_vg
1318,471,0.2195032685995102,0.19844361894864712,0.22765883405686294,delta_harnish_crescent_vg
836,461,0.2194530963897705,0.19840247658917978,0.22755871466183977,delta_harnish_crescent_vg
1317,434,0.21938154101371765,0.19834379661557602,0.22741591771161024,delta_harnish_crescent_vg
2372,1518,0.21938154101371765,0.19834379661557602,0.22741591771161024,canada_huey
869,450,0.2193639874458313,0.1983294010440153,0.22738088627602096,delta_harnish_crescent_vg
1316,440,0.21922096610069275,0.19821210240728376,0.22709544157380535,delta_harnish_crescent_vg
773,477,0.21912391483783722,0.19813249819406073,0.22690172575943862,delta_harnish_crescent_vg
1598,178,0.21909473836421967,0.19810856557950163,0.2268434860541324,delta_harnish_crescent_vg
854,747,0.2190602421760559,0.19808026861852795,0.22677462576876334,delta_harnish_crescent_vg
862,454,0.21896569430828094,0.19800270761607305,0.22658588208114527,delta_harnish_crescent_vg
456,917,0.21895381808280945,0.1979929646976451,0.22656217281625635,delta_harnish_crescent_vg
1579,162,0.2187068611383438,0.19779034671441584,0.2260691045974093,delta_harnish_crescent_vg
1590,169,0.21863126754760742,0.19772831708473834,0.22591815630282375,delta_harnish_crescent_vg
1584,165,0.21860450506210327,0.1977063557416414,0.2258647136609036,delta_harnish_crescent_vg
1546,1602,0.21853357553482056,0.19764814851254145,0.22572306712825674,canada_huey
472,890,0.21849986910820007,0.1976204866626832,0.22565575237750143,delta_harnish_crescent_vg
475,941,0.21845759451389313,0.19758579209378552,0.22557132359671206,delta_harnish_crescent_vg
1507,1552,0.21839186549186707,0.19753184619099523,0.22544004694604675,canada_huey
845,462,0.21835722029209137,0.19750341060033047,0.22537084930713297,delta_harnish_crescent_vg
853,744,0.218357115983963,0.19750332498657855,0.22537064096718457,delta_harnish_crescent_vg
1583,166,0.2183293104171753,0.19748050254501393,0.2253151028533772,delta_harnish_crescent_vg
818,461,0.21830031275749207,0.1974567010945113,0.22525718233409125,delta_harnish_crescent_vg
768,483,0.21821048855781555,0.19738296926482377,0.22507775688844744,delta_harnish_crescent_vg
789,428,0.21817630529403687,0.1973549086433599,0.22500947173219218,delta_harnish_crescent_vg
908,448,0.2181646227836609,0.19734531843351577,0.2249861340816498,delta_harnish_crescent_vg
1620,176,0.21804073452949524,0.19724361251295325,0.2247386340508099,delta_harnish_crescent_vg
1016,456,0.21803025901317596,0.19723501217548597,0.22471770524178275,delta_harnish_crescent_vg
798,434,0.2179599404335022,0.1971772791191631,0.22457721260240285,delta_harnish_crescent_vg
867,749,0.21795161068439484,0.19717043999636855,0.22456056968630503,delta_harnish_crescent_vg
864,463,0.21791186928749084,0.19713780976299605,0.22448116443908503,delta_harnish_crescent_vg
1597,180,0.21787747740745544,0.197109570966333,0.22441244569580704,delta_harnish_crescent_vg
1609,176,0.2178421914577484,0.1970805972300196,0.22434193848647796,delta_harnish_crescent_vg
758,487,0.21781635284423828,0.19705938028762712,0.22429030733396071,delta_harnish_crescent_vg
757,484,0.2177847921848297,0.19703346417285214,0.2242272408067558,delta_harnish_crescent_vg
834,461,0.21774427592754364,0.19700019316178496,0.22414627623537534,delta_harnish_crescent_vg
858,794,0.21770642697811127,0.19696911148200366,0.22407063937311714,delta_harnish_crescent_vg
